snr_ratio,round,question,original_answer,prompt_knowledge_parent_ids,top_parent_id,AutoCorrect,AutoSupport,ManualSupport,AnswerCorrect,FinalCorrect,EvidenceParentID,EvidenceQuote,CorrectionReason,NeedHumanReview,OriginalRollingAccuracy,CorrectedRollingAccuracy,EvidenceScore
1:200+,1,设顺序表长度为n，在第i个元素之前插入一个新元素，平均需要移动多少个元素？,平均需要移动约 n/2 个元素。因为插入在第 i 个元素前需移动 n-i+1 个，i 从 1 到 n+1 等可能时平均移动数为 n/2。,"['441363d2', '6715d8f0', 'a958dd61', 'a42c91f2', '122f1afd']",441363d2,1,是,是,是,1,441363d2,问：设顺序表长度为n，在第i个元素之前插入一个新元素，平均需要移动多少个元素？答：D. n/2。若在第i个元素前插入，需要移动第i到第n个元素，共n-i+1个；i从1到n+1等可能时，平均移动约n/2个。问：链式存储结构相比顺序存储结构的主要优点是什么？答：B. 插入删除不需要大量移动元素。链表插入、删除时主要修改指针，不需要像顺序表那样整体移动大量元素；链...,原始CSV已判定为有效支撑；人工复核保留该判定。,否,1.0,1.0,102.8
1:200+,2,链式存储结构相比顺序存储结构，最主要的优点是什么？,链式存储结构最主要的优点是插入和删除操作不需要大量移动元素，只需修改指针即可。,"['441363d2', '026d4c8e', 'c21f926a', 'aefa7858', 'a9645156']",441363d2,0,否,是,是,1,441363d2,素前插入，需要移动第i到第n个元素，共n-i+1个；i从1到n+1等可能时，平均移动约n/2个。问：链式存储结构相比顺序存储结构的主要优点是什么？答：B. 插入删除不需要大量移动元素。链表插入、删除时主要修改指针，不需要像顺序表那样整体移动大量元素；链...,原始CSV自动判定为0，但人工复核发现进入Prompt的父块 441363d2 含有可支撑回答的内容；模型回答与该证据语义一致。,否,0.5,1.0,51.6
1:200+,3,循环队列采用数组Q[0..m-1]，front指向队头，rear指向队尾后一个位置，队满条件是什么？,队满条件是：(rear + 1) % m == front。因为循环队列通常牺牲一个存储单元来区分队空和队满，当rear的下一个位置是front时表示队列已满。,"['441363d2', '6cfdc470', '632e725a', 'a958dd61', 'a42c91f2']",441363d2,0,否,是,是,1,6cfdc470,下溢是指栈已空时继续执行出栈操作导致的错误。问6：在循环队列中，如何判断队空？答：front == rear时队空。在循环队列中，front指向队头元素，rear指向队尾元素的下一个位置，两者相等表示队列为空。问7：对于一个顺序存储的循环队列，数组大小为m，队列中最多能存放多少个元素？答：最多存放m-1个元素。循环队列通常牺牲一个存储单元来区分队空和队满，因...,原始CSV自动判定为0，但人工复核发现进入Prompt的父块 6cfdc470 含有可支撑回答的内容；模型回答与该证据语义一致。,否,0.3333,1.0,44.0
1:200+,4,栈适合解决什么类型的问题？请给出典型例子。,栈的逻辑特征是后进先出（LIFO），适合处理需要“最近进入、最先退出”的问题。典型例子包括：函数调用时的系统栈（用于保存返回地址和局部变量）、表达式求值中的运算符栈、括号匹配检查、以及浏览器的后退功能等。,"['b6d620c6', '80032979', '1021b1c7', '441363d2', 'a42c91f2']",b6d620c6,1,是,是,是,1,80032979,问：栈适合解决哪一类问题？答：栈的逻辑特征是后进先出（LIFO），适合处理“最近进入、最先退出”的问题，如函数递归调用、表达式求值、括号匹配、浏览器回退等。问：一棵具有n个结点的二叉树，其空指针域个数是多少？答：n+1。二叉链表中每个结点有两个指针域，共2n个指针；非空指针对应边数n-1，所以空指针数为2n-(n-1)=n+1。问：无向连通图有n个顶点，至少...,原始CSV已判定为有效支撑；人工复核保留该判定。,否,0.5,1.0,27.0
1:200+,5,一棵具有n个结点的二叉树，空指针域个数是多少？,一棵具有n个结点的二叉树，采用二叉链表存储时，空指针域个数为 **n+1**。原因：每个结点有两个指针域，共2n个；n个结点的二叉树有n-1条边，对应n-1个非空指针，因此空指针数为 2n - (n-1) = n+1。,"['e1cb1d4e', '80032979', '8267d48e', '10e6b0ed', 'ea9da252']",e1cb1d4e,1,是,是,是,1,80032979,先退出”的问题，如函数递归调用、表达式求值、括号匹配、浏览器回退等。问：一棵具有n个结点的二叉树，其空指针域个数是多少？答：n+1。二叉链表中每个结点有两个指针域，共2n个指针；非空指针对应边数n-1，所以空指针数为2n-(n-1)=n+1。问：无向连通图有n个顶点，至少...,原始CSV已判定为有效支撑；人工复核保留该判定。,否,0.6,1.0,46.0
1:200+,6,无向连通图有n个顶点，至少需要多少条边？,至少需要 **n-1** 条边。因为 n 个顶点的无向连通图最少是一棵树，而树边数恰好为顶点数减一。,"['80032979', '8dcc4a3f', '122f1afd', '08fc7ed3', '207f64de']",80032979,0,否,是,是,1,80032979,结点有两个指针域，共2n个指针；非空指针对应边数n-1，所以空指针数为2n-(n-1)=n+1。问：无向连通图有n个顶点，至少...,原始CSV自动判定为0，但人工复核发现进入Prompt的父块 80032979 含有可支撑回答的内容；模型回答与该证据语义一致。,否,0.5,1.0,37.4
1:200+,7,二分查找要求线性表满足什么条件？,二分查找要求线性表**按关键字有序**（通常递增或递减），并且**采用顺序存储结构**（即数组），以便能通过下标快速定位中间元素，实现每次比较后缩小一半查找范围。,"['80032979', 'b6d620c6', '122f1afd', '08fc7ed3', '207f64de']",80032979,0,否,否,是,0,b6d620c6,但在已知插入/删除位置前驱结点时，只需修改指针，时间为O(1)。单链表适合数据规模变化大、插入删除频繁的场景，但每个结点需要额外指针域，存储密度低于顺序表。问：说明栈和队列的逻辑特征，并各举一个典型应用。答：栈是只允许在一端进行插入和删除的线性表，特点是后进先出（LIFO）。典型应用包括括号匹配、函数调用栈、表达式求值、深度优先搜索。典型应用包括括号匹配、函...,原始CSV自动规则无法证明有效支撑；人工复核在进入Prompt的知识库父块中未找到足够直接的支撑内容，保留AutoCorrect=0并标记待进一步复核。,是,0.4286,0.8571,13.4
1:200+,8,直接插入排序在序列基本有序时，时间复杂度接近多少？,直接插入排序在序列基本有序时，时间复杂度可接近 O(n)。因为每个元素的插入位置基本就在当前位置附近，比较和移动次数大幅减少，最好情况只需线性时间。,"['80032979', 'f9d94eba', '08fc7ed3', '0ffd1387', 'a0e65d78']",80032979,0,否,否,是,0,80032979,问：栈适合解决哪一类问题？答：栈的逻辑特征是后进先出（LIFO），适合处理“最近进入、最先退出”的问题，如函数递归调用、表达式求值、括号匹配、浏览器回退等。问：一棵具有n个结点的二叉树，其空指针域个数是多少？答：n+1。二叉链表中每个结点有两个指针域，共2n个指针；非空指针对应边数n-1，所以空指针数为2n-(n-1)=n+1。问：无向连通图有n个顶点，至少...,原始CSV自动规则无法证明有效支撑；人工复核在进入Prompt的知识库父块中未找到足够直接的支撑内容，保留AutoCorrect=0并标记待进一步复核。,是,0.375,0.75,9.4
1:200+,9,哈希表产生冲突的根本原因是什么？,哈希表产生冲突的根本原因是**关键字集合大于哈希地址空间**，或者不同关键字经过同一哈希函数映射到了相同的地址。简言之，地址空间有限而关键字无限，哈希函数无法保证一一对应，冲突必然存在。,"['80032979', '6715d8f0', 'b6c66d16', '08fc7ed3', '41c9410c']",80032979,1,是,是,是,1,6715d8f0,问：哈希表产生冲突的根本原因是什么？答：关键字集合大于地址空间，或不同关键字经过同一哈希函数映射到了同一个地址，即多个关键字对应同一哈希地址。问：设算法T(n)=3n^2+20n+5，该算法的时间复杂度是多少？答：O(n^2)。大O表示只保留最高阶增长项并忽略常数系数。问：比较顺序表和单链表的适用场景。问：比较顺序表和单链表的适用场景。答：顺序表支持按下标随...,原始CSV已判定为有效支撑；人工复核保留该判定。,否,0.4444,0.7778,54.2
1:200+,10,判断一下，T(n)=3n²+20n+5的时间复杂度是多少？,时间复杂度为 O(n²)。因为当 n 趋于无穷时，增长趋势由最高阶项 3n² 决定，忽略常数系数和低阶项。,"['80032979', '93fd3c5a', '632e725a', 'eeb7168c', '1ec80c64']",80032979,0,否,是,是,1,eeb7168c,长趋势，用大O记号表示，关注的是最高阶增长项，忽略常数系数和低阶项。问2：在顺序表中，访问第i个元素的时间复杂度是多少？答：O(1)。顺序表采用连续存储，可以通过下标直接计算出元素地址，实现随机访问。问3：在一个长度为n的单链表中，在值为x的结点之后插入一个新结点，已知指向x的指...,原始CSV自动判定为0，但人工复核发现进入Prompt的父块 eeb7168c 含有可支撑回答的内容；模型回答与该证据语义一致。,否,0.4,0.8,28.4
1:200+,11,比较顺序表和单链表的适用场景。,顺序表适合**数据规模相对固定、按位置随机访问频繁**的场景；单链表适合**数据规模变化大、插入/删除操作频繁**的场景（尤其已知前驱结点时）。需要我补充时间复杂度的对比吗？,"['6715d8f0', 'b6d620c6', '1ec80c64', '34a47e6d', 'cb4e10fc']",6715d8f0,1,是,是,是,1,6715d8f0,0n+5，该算法的时间复杂度是多少？答：O(n^2)。大O表示只保留最高阶增长项并忽略常数系数。问：比较顺序表和单链表的适用场景。问：比较顺序表和单链表的适用场景。答：顺序表支持按下标随...,原始CSV已判定为有效支撑；人工复核保留该判定。,否,0.4545,0.8182,46.8
1:200+,12,栈和队列的逻辑特征分别是什么？各举一个应用。,栈的逻辑特征是后进先出（LIFO），即只允许在一端进行插入和删除。典型应用：函数调用栈（保存返回地址和局部变量）。队列的逻辑特征是先进先出（FIFO），即只允许在一端插入、另一端删除。典型应用：操作系统中的任务调度队列（如打印任务排队）。需要我具体分析某个例子吗？,"['b6d620c6', '6715d8f0', '441363d2', '1021b1c7', 'a7a500d6']",b6d620c6,1,是,是,是,1,b6d620c6,栈和队列的逻辑特征，并各举一个典型应用。答：栈是只允许在一端进行插入和删除的线性表，特点是后进先出（LIFO）。典型应用包括括号匹配、函数调用栈、表达式求值、深度优先搜索。典型应用包括括号匹配、函...,原始CSV已判定为有效支撑；人工复核保留该判定。,否,0.5,0.8333,41.0
1:200+,13,简述二叉排序树的查找过程。,二叉排序树的查找过程：从根结点开始，将待查关键字与当前结点关键字比较；若相等则查找成功；若小于当前结点关键字，则递归进入左子树；若大于则递归进入右子树；直至找到目标或到达空子树（查找失败）。,"['b6d620c6', 'f1ee6e22', 'a7a500d6', '1021b1c7', 'ca6f1e9b']",b6d620c6,0,否,否,是,0,ca6f1e9b,答：查找成功时ASL约为(n+1)/2，查找失败时ASL为n。顺序查找对表的结构没有要求，但效率较低。问26：二分查找的平均查找长度（ASL）大约是多少？答：二分查找查找成功时的ASL约为log2(n+1)-1。二分查找的效率远高于顺序查找，但要求表顺序存储且有序。问27：什么是平衡二叉树？答：平衡二叉树是一种二叉排序树，其中任意结点的左右子树高度差的绝对值...,原始CSV自动规则无法证明有效支撑；人工复核在进入Prompt的知识库父块中未找到足够直接的支撑内容，保留AutoCorrect=0并标记待进一步复核。,是,0.4615,0.7692,24.0
1:200+,14,图的邻接矩阵和邻接表分别适合什么情况？,邻接矩阵适合**稠密图**，判断任意两点间是否有边的时间为O(1)，但空间开销固定为O(n²)；邻接表适合**稀疏图**，空间效率高，但判断两点间是否有边需遍历对应链表。需要我补充两者在查找边和空间占用上的详细对比吗？,"['4e7f7bfe', 'b6d620c6', '207f64de', 'b580c20a', '1021b1c7']",4e7f7bfe,1,是,是,是,1,4e7f7bfe,则查找失败。二叉排序树平均查找效率与树高有关，理想情况下为O(log n)，最坏退化为O(n)。问：图的邻接矩阵和邻接表分别适合什么情况？答：邻接矩阵用二维数组表示顶点之间是否有边，适合稠密图，判断任意两点之间是否有边的时间为O(1)，但空间复杂度为O(n^2)。答：邻接矩阵用二维数组表...,原始CSV已判定为有效支撑；人工复核保留该判定。,否,0.5,0.7857,61.0
1:200+,15,已知二叉树先序为A B D E C F，中序为D B E A F C，后序遍历是什么？,后序遍历序列为：D E B F C A。推理过程：先序首元素A为根；中序中A左侧D B E为左子树，右侧F C为右子树；左子树先序B D E、中序D B E推出B为根，D和E分别为B的左、右孩子；右子树先序C F、中序F C推出C为根，F为C的左孩子；最后按后序规则遍历得到结果。,"['024660ab', '4e7f7bfe', '2c3660a7', 'a3cdd4d3', '40db568b']",024660ab,0,否,是,是,1,a3cdd4d3,遍历序列。答：先序首元素A为根；中序序列中A左侧为D B E，右侧为F C。左子树先序为B D E，中序为D B E，所以左子树根为B，B的左孩子为D，右孩子为E。右子树先序为C F，中序为F C，所以右子树根为C，C的左孩子为F。该树结构为：A的左孩子B、右孩子C；B的左右孩子分别为D、E；C的左孩子为F。后序遍历为：D E B ...,原始CSV自动判定为0，但人工复核发现进入Prompt的父块 a3cdd4d3 含有可支撑回答的内容；模型回答与该证据语义一致。,否,0.4667,0.8,38.8
1:200+,16,无向连通带权图边为AB=2，AC=3，BC=1，BD=4，CD=5，CE=6，DE=2，用Kruskal算法求最小生成树和总权值。,"使用Kruskal算法求解。先将所有边按权值从小到大排序： BC=1, AB=2, DE=2, AC=3, BD=4, CD=5, CE=6。 依次选取不形成回路的边： 1. 选BC（权值1），连通分量：{B,C}与{A}、{D}、{E}。 2. 选AB（权值2），连通分量：{A,B,C}与{D}、{E}。 3. 选DE（权值2），连通分量：{A,B,C}与{D,E}。 4. 下一最小边AC=3，但A与C已在同一分量中，形成回路，跳过。 5. 选BD=4，连接{ A,B,C }与{ D,E }，此时所有顶点连通。 最小生成树边集为：{BC, AB, DE, BD}，总权值 = 1+2+2+4 = 9。","['a3cdd4d3', '7444a54b', '55079530', 'a0e65d78', '084accd2']",a3cdd4d3,1,是,是,是,1,084accd2,"AC会与A-B-C构成回路，跳过；选BD将两个连通分量连接。最小生成树边集为{BC, AB, DE, BD}，总权值为1+2+2+4=9。问：有向图从源点S出发，边权如下：S→A=2，S→B=5，A→B=1，A→C=4，B→C=1，B→D=7，C→D=3。请用Dijkstra算法求S到各点的最短距离。答：初始化：d(S)=0，d(A)=2，d(B)=5，d(...",原始CSV已判定为有效支撑；人工复核保留该判定。,否,0.5,0.8125,39.0
1:200+,17,有向图边权为S→A=2，S→B=5，A→B=1，A→C=4，B→C=1，B→D=7，C→D=3，用Dijkstra求S到各点最短距离,"使用Dijkstra算法从源点S出发。 初始化：d(S)=0，d(A)=2，d(B)=5，d(C)=∞，d(D)=∞。 选取当前最小距离节点A（距离2），更新邻接点： - A→B=1，则d(B)=min(5, 2+1)=3； - A→C=4，则d(C)=min(∞, 2+4)=6。 当前未确定节点：B(3), C(6), D(∞)，选取最小B（距离3）。 更新B的邻接点： - B→C=1，则d(C)=min(6, 3+1)=4； - B→D=7，则d(D)=min(∞, 3+7)=10。 当前未确定节点：C(4), D(10)，选取C（距离4）。 更新C的邻接点： - C→D=3，则d(D)=min(10, 4+3)=7。 最后选取D（距离7）。 最终最短距离：S→A=2，S→B=3，S→C=4，S→D=7。","['084accd2', 'a3cdd4d3', '3e466c17', '3de97722', '7444a54b']",084accd2,0,否,是,是,1,084accd2,，边权如下：S→A=2，S→B=5，A→B=1，A→C=4，B→C=1，B→D=7，C→D=3。请用Dijkstra算法求S到各点的最短距离。答：初始化：d(S)=0，d(A)=2，d(B)=5，d(...,原始CSV自动判定为0，但人工复核发现进入Prompt的父块 084accd2 含有可支撑回答的内容；模型回答与该证据语义一致。,否,0.4706,0.8235,101.6
1:200+,18,"对序列49,38,65,97,76,13,27进行一趟快速排序，以49为枢轴，划分结果是什么？","一趟快速排序后的结果为：27, 38, 13, 49, 76, 97, 65。枢轴49最终位于第4个位置（从1开始计数即索引3）。划分过程采用双向扫描，从两端交替比较交换得到此序列。","['084accd2', '30ffb5fe', '59de649f', '91ac5dd7', '3de97722']",084accd2,1,是,是,是,1,30ffb5fe,"，S-A-B-C，S-A-B-C-D。问：对序列49, 38, 65, 97, 76, 13, 27进行一趟快速排序，以第一个元素49为枢轴。请写出一趟划分后的结果，并说明枢轴最终位置。答：以49为枢轴，采用常见双向扫描划分，可得到结果：27, 38, 13, 49, 76, 97, 65。枢轴49最终位于第4个位置；其左侧元...",原始CSV已判定为有效支撑；人工复核保留该判定。,否,0.5,0.8333,44.6
1:200+,19,"设H(key)=key mod 11，线性探测插入22,41,53,46,30,13，哈希表结果是什么？",哈希函数 H(key)=key mod 11，线性探测法处理冲突（步长+1）。插入过程如下： 1. **22**：H=0，槽0空 → 放入22。 2. **41**：H=8（41 mod 11 = 8），槽8空 → 放入41。 3. **53**：H=9（53 mod 11 = 9），槽9空 → 放入53。 4. **46**：H=2（46 mod 11 = 2），槽2空 → 放入46。 5. **30**：H=8（30 mod 11 = 8），槽8已被41占，探测下一位置9（被53占），再探测10（空）→ 放入30。 6. **13**：H=2（13 mod 11 = 2），槽2已被46占，探测3（空）→ 放入13。 最终哈希表（槽0～10）为： - 0: 22 - 1: 空 - 2: 46 - 3: 13 - 4: 空 - 5: 空 - 6: 空 - 7: 空 - 8: 41 - 9: 53 - 10: 30 查找时按此分布进行。需注意线性探测可能产生堆积问题。,"['30ffb5fe', '526b1d78', '0184a76c', '59de649f', '41b6cd22']",30ffb5fe,1,是,是,是,1,526b1d78,"：已知一组关键字{19, 14, 23, 1, 68, 20, 84, 27}，哈希函数H(key)=key mod 13，采用链地址法处理冲突，请画出哈希表。答：计算哈希地址：H(19)=6，H(14)=1，H(23)=10，H(1)=1，H(68)=3，H(20)=7，H(84)=6，...",原始CSV已判定为有效支撑；人工复核保留该判定。,否,0.5263,0.8421,39.8
1:200+,20,删除带头结点单链表中值最小的结点，核心思路是什么？,核心思路：遍历链表，用两个指针分别记录当前最小结点及其前驱，遍历结束后修改前驱的next指针跳过该结点并释放。,"['40bb258c', '5dbc9c23', 'b16872a5', '632e725a', '825eb10a']",40bb258c,0,否,是,是,1,b16872a5,H(46)=2，放2；H(30)=8，8冲突，9冲突，线性探测到10，放10；H(13)=2，2冲突，线性探测到3，放3。最终表：0:22，1:空，2:46，3:13，4:空，5:空，6:空，7:空，8:41，9:53，10:30。问：已知带头结点单链表L，设计一个算法删除链表中值最小的结点。要求写出伪代码，并分析时间复杂度。要求写出伪代码，并分析时间复杂度...,原始CSV自动判定为0，但人工复核发现进入Prompt的父块 b16872a5 含有可支撑回答的内容；模型回答与该证据语义一致。,否,0.5,0.85,34.4
1:200+,21,如何判断字符串中的小括号、方括号、花括号是否匹配？,"核心思路：利用栈的LIFO特性，依次扫描字符串中的每个字符。遇到左括号（'(','[','{'）时入栈；遇到右括号时，检查栈是否为空，若空则匹配失败，否则弹出栈顶元素并与当前右括号匹配，若左右括号类型不匹配则失败。扫描结束后，若栈为空则全部匹配，否则尚有未匹配的左括号。 伪代码： ``` function isBracketsMatch(s): stack = empty Stack for ch in s: if ch is '(' or '[' or '{': stack.push(ch) else if ch is ')' or ']' or '}': if stack.isEmpty(): return false top = stack.pop() if (ch == ')' and top != '(') or (ch == ']' and top != '[') or (ch == '}' and top != '{'): return false return stack.isEmpty() ``` 时间复杂度O(n)，空间复杂度O(n)（最坏情况全是左括号）。注意：非括号字符直接忽略。","['f6a498f4', '5dbc9c23', '6cfdc470', '63f852e1', '7003e0e3']",f6a498f4,1,是,是,是,1,f6a498f4,nextfree(minNode)时间复杂度O(n)，空间复杂度O(1)。问：输入一个只包含小括号、方括号、花括号以及其他字符的字符串，设计算法判断括号是否匹配。要求写出核心思路和伪代码...,原始CSV已判定为有效支撑；人工复核保留该判定。,否,0.5238,0.8571,48.0
1:200+,22,设二叉树采用二叉链表存储，如何递归求二叉树高度？,导师，递归求二叉树高度的方法如下： **递归公式**：左子树高度与右子树高度的最大值加1（当前结点本身）。 **终止条件**：空结点高度为0。 **算法描述**： ``` int GetHeight(BiTree T) { if (T == NULL) return 0; else { int leftHeight = GetHeight(T->lchild); int rightHeight = GetHeight(T->rchild); return (leftHeight > rightHeight ? leftHeight : rightHeight) + 1; } } ``` **核心思想**：二叉树的高度等于其左右子树中较高者的高度再加1。递归会先深入到最底层结点，然后逐层向上返回高度值。 需要我进一步解释递归的调用栈过程，或者给出非递归实现（层序遍历）吗？,"['c097f195', 'f1ee6e22', 'c9a03c35', 'b6b5e009', '0711fde2']",c097f195,1,是,是,是,1,c097f195,']') or(a=='{' and b=='}')时间复杂度O(n)，空间复杂度最坏O(n)。问：设二叉树采用二叉链表存储，设计...,原始CSV已判定为有效支撑；人工复核保留该判定。,否,0.5455,0.8636,46.0
1:200+,23,给定非递减有序数组，如何原地删除重复元素并返回去重后长度？,导师，核心思路是使用快慢指针（双指针）。慢指针 `slow` 指向已去重部分的最后一个元素，快指针 `fast` 遍历数组。当 `A[fast] != A[slow]` 时，将 `slow` 后移一位，并将 `A[fast]` 复制到 `A[slow]`。遍历结束后 `slow+1` 即为去重后的长度。时间复杂度 O(n)，空间复杂度 O(1)。,"['aa5c4214', 'c097f195', '632e725a', 'c4b6354c', 'b6b5e009']",aa5c4214,1,是,是,是,1,aa5c4214,0..n-1]，要求原地删除重复元素，返回去重后的长度。要求空间复杂度O(1)。答：核心思想：使用快慢指针。slow指向当前去重后最后一个元素位置，fast扫描数组；当A[fast]与A[slow]不同时，slow后移并复制A...,原始CSV已判定为有效支撑；人工复核保留该判定。,否,0.5652,0.8696,50.0
1:200+,24,什么是算法的时间复杂度？,导师，时间复杂度衡量的是算法执行时间随问题规模n的增长趋势，用大O记号表示，只保留最高阶项并忽略常数系数和低阶项。例如，T(n)=3n²+20n+5的时间复杂度为O(n²)。,"['aa5c4214', '40bb258c', 'f31b2d71', 'c4b6354c', '632e725a']",aa5c4214,0,否,是,是,1,632e725a,问1：算法的时间复杂度是指什么？答：时间复杂度是指算法执行时间随问题规模增长的增长趋势，用大O记号表示，关注的是最高阶增长项，忽略常数系数和低阶项。问2：在顺序表中，访问第i个元素的时间复杂度是多少？答：O(1)。顺序表采用连续存储，可以通过下标直接计算出元素地址，实现随机访问。问3：在一个长度为n的单链表中，在值为x的结点之后插入一个新结点，已知指向x的指...,原始CSV自动判定为0，但人工复核发现进入Prompt的父块 632e725a 含有可支撑回答的内容；模型回答与该证据语义一致。,否,0.5417,0.875,30.0
1:200+,25,单链表中，已知指向值为x的结点指针，在该结点之后插入新结点的时间复杂度是多少？,导师，该操作的时间复杂度为O(1)。因为已知指向x的结点指针，只需修改指针域（将新结点指向x的后继，再将x指向新结点），无需遍历链表，操作次数为常数级。,"['632e725a', 'aa5c4214', '40bb258c', 'eeb7168c', 'f9d94eba']",632e725a,0,否,是,是,1,eeb7168c,：O(1)。顺序表采用连续存储，可以通过下标直接计算出元素地址，实现随机访问。问3：在一个长度为n的单链表中，在值为x的结点之后插入一个新结点，已知指向x的指...,原始CSV自动判定为0，但人工复核发现进入Prompt的父块 eeb7168c 含有可支撑回答的内容；模型回答与该证据语义一致。,否,0.52,0.88,49.6
1:200+,26,单链表中删除值为x的结点，若不知道其前驱结点，时间复杂度是多少？,导师，若不知道值为x的结点的前驱，则需先从头遍历链表找到该结点及其前驱，因此时间复杂度为O(n)（最坏情况需遍历整个链表）。如果需要删除所有值为x的结点，也需完整扫描一次。,"['632e725a', 'aa5c4214', '5dbc9c23', '40bb258c', 'eeb7168c']",632e725a,0,否,是,是,1,eeb7168c,趋势，用大O记号表示，关注的是最高阶增长项，忽略常数系数和低阶项。问2：在顺序表中，访问第i个元素的时间复杂度是多少？答：O(1)。顺序表采用连续存储，可以通过下标直接计算出元素地址，实现随机访问。问3：在一个长度为n的单链表中，在值为x的结点之后插入一个新结点，已知指向x的指...,原始CSV自动判定为0，但人工复核发现进入Prompt的父块 eeb7168c 含有可支撑回答的内容；模型回答与该证据语义一致。,否,0.5,0.8846,34.6
1:200+,27,栈的上溢和下溢分别是什么意思？,导师，栈的“上溢”是指试图在栈已满的情况下执行入栈操作，导致数据无法写入的错误；“下溢”则是指试图在栈已空的情况下执行出栈或取栈顶操作，导致无法获取有效元素。顺序栈和链栈都需要考虑这两种情况，通常通过检查栈顶指针或栈容量来避免。,"['5805b3f8', '63f852e1', '632e725a', 'eeb7168c', 'f6a498f4']",5805b3f8,0,否,否,是,0,eeb7168c,问1：算法的时间复杂度是指什么？答：时间复杂度是指算法执行时间随问题规模增长的增长趋势，用大O记号表示，关注的是最高阶增长项，忽略常数系数和低阶项。问2：在顺序表中，访问第i个元素的时间复杂度是多少？答：O(1)。顺序表采用连续存储，可以通过下标直接计算出元素地址，实现随机访问。问3：在一个长度为n的单链表中，在值为x的结点之后插入一个新结点，已知指向x的指...,原始CSV自动规则无法证明有效支撑；人工复核在进入Prompt的知识库父块中未找到足够直接的支撑内容，保留AutoCorrect=0并标记待进一步复核。,是,0.4815,0.8519,8.8
1:200+,28,循环队列如何判断队空？数组大小为m时最多存放多少个元素？,导师，循环队列判断队空的条件是 `front == rear`。由于需要区分队空和队满，通常牺牲一个存储单元，因此数组大小为m时最多存放 **m-1** 个元素。,"['6cfdc470', '632e725a', '849645c1', '77a33777', 'b0f15d4b']",6cfdc470,1,是,是,是,1,6cfdc470,队头元素，rear指向队尾元素的下一个位置，两者相等表示队列为空。问7：对于一个顺序存储的循环队列，数组大小为m，队列中最多能存放多少个元素？答：最多存放m-1个元素。循环队列通常牺牲一个存储单元来区分队空和队满，因...,原始CSV已判定为有效支撑；人工复核保留该判定。,否,0.5,0.8571,37.4
1:200+,29,什么是递归？递归的两个基本要素是什么？,递归是指在函数的定义中使用函数自身的方法。递归的两个基本要素是：**递归边界**（终止条件），用于停止递归调用并返回结果；**递归表达式**（递推关系），将原问题分解为一个或多个规模更小的同类子问题，并逐步向边界逼近。,"['6cfdc470', '80032979', 'bf188a88', '77a33777', '48b948f1']",6cfdc470,0,否,否,是,0,80032979,问：栈适合解决哪一类问题？答：栈的逻辑特征是后进先出（LIFO），适合处理“最近进入、最先退出”的问题，如函数递归调用、表达式求值、括号匹配、浏览器回退等。问：一棵具有n个结点的二叉树，其空指针域个数是多少？答：n+1。二叉链表中每个结点有两个指针域，共2n个指针；非空指针对应边数n-1，所以空指针数为2n-(n-1)=n+1。问：无向连通图有n个顶点，至少...,原始CSV自动规则无法证明有效支撑；人工复核在进入Prompt的知识库父块中未找到足够直接的支撑内容，保留AutoCorrect=0并标记待进一步复核。,是,0.4828,0.8276,15.8
1:200+,30,解释KMP算法相比朴素匹配算法的优势。,导师，KMP算法的核心优势在于利用已部分匹配的信息，避免主串指针回溯，从而使最坏时间复杂度降至O(m+n)，而朴素匹配算法在最坏情况下需O(m×n)，因此KMP在处理长字符串或重复模式时效率显著更高。,"['6cfdc470', '8267d48e', 'ea9da252', '77a33777', 'bf188a88']",6cfdc470,0,否,是,是,1,8267d48e,串长度，n为主串长度。最坏情况下每次匹配都需要比较到模式串的最后一个字符才发现不匹配。问10：KMP算法相比朴素匹配算法的优势是什么？答：KMP算法利用已经部分匹配的信息，避免主串指针回溯，最坏时间复杂度为O(m+n)，比朴素算法的O(m×n)更高效。问11：数组通常采用什么存储方式？答：数组通常采用顺序存储，元素在内存中连续存...,原始CSV自动判定为0，但人工复核发现进入Prompt的父块 8267d48e 含有可支撑回答的内容；模型回答与该证据语义一致。,否,0.4667,0.8333,53.6
1:200+,31,"广义表((a,b),c,(d,(e)))的表头和表尾分别是什么？","导师，广义表的表头是第一个元素，表尾是除第一个元素外剩余元素组成的子表（必须为广义表）。对于广义表 `((a,b),c,(d,(e)))`，表头是 `(a,b)`（即一个子表），表尾是 `(c,(d,(e)))`（即广义表）。","['8267d48e', '5805b3f8', 'ea9da252', '59af19ba', 'c21f926a']",8267d48e,0,否,否,是,0,8267d48e,答：O(m×n)，其中m为模式串长度，n为主串长度。最坏情况下每次匹配都需要比较到模式串的最后一个字符才发现不匹配。问10：KMP算法相比朴素匹配算法的优势是什么？答：KMP算法利用已经部分匹配的信息，避免主串指针回溯，最坏时间复杂度为O(m+n)，比朴素算法的O(m×n)更高效。问11：数组通常采用什么存储方式？答：数组通常采用顺序存储，元素在内存中连续存...,原始CSV自动规则无法证明有效支撑；人工复核在进入Prompt的知识库父块中未找到足够直接的支撑内容，保留AutoCorrect=0并标记待进一步复核。,是,0.4516,0.8065,10.4
1:200+,32,树中结点的度是什么意思？,导师，树中结点的度是指该结点拥有的子树个数（或直接后继分支数）。对于二叉树，度即为结点子结点数，范围为0、1、2。,"['8267d48e', 'e5c47d95', '10e6b0ed', '0711fde2', 'ea9da252']",8267d48e,0,否,否,是,0,0711fde2,问28：二叉排序树中，删除一个既有左子树又有右子树的结点，通常采用什么方法？答：通常用该结点的中序前驱（左子树中的最大关键字结点）或中序后继（右子树中的最小关键字结点）的值替换该结点的值，然后删除前驱或后继结点（前驱最多只有左子树，后继最多只有右子树，删除更简单）。问29：什么是平衡二叉树的平衡因子？答：平衡因子是指二叉树上某结点左子树高度减去右子树高度的差...,原始CSV自动规则无法证明有效支撑；人工复核在进入Prompt的知识库父块中未找到足够直接的支撑内容，保留AutoCorrect=0并标记待进一步复核。,是,0.4375,0.7812,14.2
1:200+,33,二叉树第k层最多有多少个结点？深度为h的二叉树最多有多少个结点？,导师，二叉树第k层最多有2^(k-1)个结点（k≥1时成立）。深度为h的二叉树最多有2^h - 1个结点，当树为满二叉树时达到该最大值。,"['e1cb1d4e', '8267d48e', '10e6b0ed', '1e1b6fe3', 'ea9da252']",e1cb1d4e,0,否,是,是,1,e1cb1d4e,1)个结点。二叉树每个结点最多有两个孩子，第1层最多1个，第2层最多2个，以此类推。问15：深度为h的二叉树最多有多少个结点？答：最多有2^h - 1个结点。满二叉树时达到最大结点数，每层结点数之和为等比数列求和。问16：什么是满二...,原始CSV自动判定为0，但人工复核发现进入Prompt的父块 e1cb1d4e 含有可支撑回答的内容；模型回答与该证据语义一致。,否,0.4242,0.7879,55.0
1:200+,34,满二叉树和完全二叉树分别是什么？,导师，满二叉树是指所有层结点数均达到最大值（深度h的树有2^h-1个结点），每个结点度非0即2（叶子结点除外）。完全二叉树则是除最后一层外其余层结点数满，且最后一层结点从左到右连续排列。完全二叉树常用数组顺序存储，叶结点可缺右边部分。,"['e1cb1d4e', '8267d48e', '10e6b0ed', '1e1b6fe3', 'ea9da252']",e1cb1d4e,0,否,否,是,0,e1cb1d4e,^(k-1)个结点。二叉树每个结点最多有两个孩子，第1层最多1个，第2层最多2个，以此类推。问15：深度为h的二叉树最多有多少个结点？答：最多有2^h - 1个结点。满二叉树时达到最大结点数，每层结点数之和为等比数列求和。问16：什么是满二...,原始CSV自动规则无法证明有效支撑；人工复核在进入Prompt的知识库父块中未找到足够直接的支撑内容，保留AutoCorrect=0并标记待进一步复核。,是,0.4118,0.7647,24.4
1:200+,35,哈夫曼树的构建原则是什么？,导师，哈夫曼树的构建原则是：每次从森林中选取两个权值最小的树合并为一棵新树，新树的权值为两者之和，重复直到只剩一棵树，从而保证带权路径长度WPL最小。,"['e1cb1d4e', '8dcc4a3f', 'eb00f58a', '1e1b6fe3', '10e6b0ed']",e1cb1d4e,1,是,是,是,1,8dcc4a3f,：左子树→根→右子树。后序遍历：左子树→右子树→根。三种遍历的区别在于访问根结点的时机不同。问19：哈夫曼树的构建原则是什么？答：每次从森林中选取两个权值最小的树合并为一棵新树，新树的权值为两棵子树权值之和。重复此过程直到只剩一棵树。哈夫曼树的带权路径长度WPL最小。问20：什么是图的连通分量？问20：什么是图的连通...,原始CSV已判定为有效支撑；人工复核保留该判定。,否,0.4286,0.7714,43.2
1:200+,36,什么是图的连通分量和生成树？,导师，这是两个基础概念： - **连通分量**：对于无向图，连通分量是指图中的一个**极大连通子图**。即在该子图内任意两个顶点都是连通的，且增加图中任何其他顶点都会破坏连通性。对于有向图，还有强连通分量（任意两点双向可达）等概念。 - **生成树**：对于一个连通的无向图，生成树是其一个**极小连通子图**，包含原图中的所有顶点，且只有 n-1 条边（n 为顶点数），任意添加一条边都会形成回路。如果图不连通，则没有生成树，但每个连通分量各自有自己的生成树，合起来称为生成森林。,"['8dcc4a3f', '0ea4cf12', '122f1afd', 'cf252bdb', '80032979']",8dcc4a3f,0,否,是,是,1,cf252bdb,值为两棵子树权值之和。重复此过程直到只剩一棵树。哈夫曼树的带权路径长度WPL最小。问20：什么是图的连通分量？问20：什么是图的连通...,原始CSV自动判定为0，但人工复核发现进入Prompt的父块 cf252bdb 含有可支撑回答的内容；模型回答与该证据语义一致。,否,0.4167,0.7778,37.0
1:200+,37,Prim算法和Kruskal算法的基本思想有什么区别？,导师，Prim算法和Kruskal算法的基本思想区别在于：Prim算法从任一顶点开始，每次选择连接已选顶点集与未选顶点集的最小权边来逐步扩展生成树；而Kruskal算法则从所有边入手，每次选取权值最小且不形成回路的边，逐步合并连通分量。简言之，Prim以顶点为核心生长，Kruskal以边为核心聚合。,"['8dcc4a3f', '0ea4cf12', 'b9170d23', 'cf252bdb', 'eb00f58a']",8dcc4a3f,0,否,是,是,1,0ea4cf12,问22：Prim算法和Kruskal算法的基本思想分别是什么？答：Prim算法从任意顶点开始，每次选择连接已选顶点集与未选顶点集的最小权边，逐步扩展生成树。Kruskal算法每次从所有边中选择权值最小且不构成回路的边，逐步合并连通分量。问23：拓扑排序适用于什么样的图？答：拓扑排序适用于有向无环图。它可以将图中所有顶点排成一个线性序列，使得对于每条有向边(u...,原始CSV自动判定为0，但人工复核发现进入Prompt的父块 0ea4cf12 含有可支撑回答的内容；模型回答与该证据语义一致。,否,0.4054,0.7838,65.6
1:200+,38,拓扑排序适用于什么图？,"导师，拓扑排序适用于有向无环图（DAG）。它可以将图中所有顶点排成一个线性序列，使得对于每条有向边(u, v)，u在序列中都出现在v之前，常用于任务调度或依赖关系分析。","['0ea4cf12', '8dcc4a3f', 'b9170d23', '89e72ce0', 'eb00f58a']",0ea4cf12,1,是,是,是,1,0ea4cf12,每次从所有边中选择权值最小且不构成回路的边，逐步合并连通分量。问23：拓扑排序适用于什么样的图？答：拓扑排序适用于有向无环图。它可以将图中所有顶点排成一个线性序列，使得对于每条有向边(u...,原始CSV已判定为有效支撑；人工复核保留该判定。,否,0.4211,0.7895,33.2
1:200+,39,什么是AOE网中的关键路径？,导师，关键路径是指AOE网中从源点到汇点**具有最大路径长度**的路径，它决定了整个工程的最短工期。关键路径上的活动称为关键活动，其特点是**最早开始时间等于最晚开始时间**（即时差为零），任何延误都会拖长整个工期。,"['0ea4cf12', '5805b3f8', 'b9170d23', '89e72ce0', '6cfea574']",0ea4cf12,0,否,否,是,0,89e72ce0,问22：Prim算法和Kruskal算法的基本思想分别是什么？答：Prim算法从任意顶点开始，每次选择连接已选顶点集与未选顶点集的最小权边，逐步扩展生成树。Kruskal算法每次从所有边中选择权值最小且不构成回路的边，逐步合并连通分量。问23：拓扑排序适用于什么样的图？答：拓扑排序适用于有向无环图。它可以将图中所有顶点排成一个线性序列，使得对于每条有向边(u...,原始CSV自动规则无法证明有效支撑；人工复核在进入Prompt的知识库父块中未找到足够直接的支撑内容，保留AutoCorrect=0并标记待进一步复核。,是,0.4103,0.7692,8.6
1:200+,40,顺序查找和二分查找的平均查找长度分别有什么特点？,导师，顺序查找的ASL在查找成功时约为(n+1)/2，查找失败时为n，其优点是表结构无要求但效率较低；二分查找查找成功时的ASL约为log₂(n+1)-1，效率远高于顺序查找，但要求表必须顺序存储且有序。如需进一步分析时间复杂度或适用场景，请继续提问。,"['0ea4cf12', 'ca6f1e9b', 'b6d620c6', '70478bbc', 'b9170d23']",0ea4cf12,0,否,是,是,1,ca6f1e9b,答：查找成功时ASL约为(n+1)/2，查找失败时ASL为n。顺序查找对表的结构没有要求，但效率较低。问26：二分查找的平均查找长度（ASL）大约是多少？答：二分查找查找成功时的ASL约为log2(n+1)-1。二分查找的效率远高于顺序查找，但要求表顺序存储且有序。问27：什么是平衡二叉树？答：平衡二叉树是一种二叉排序树，其中任意结点的左右子树高度差的绝对值...,原始CSV自动判定为0，但人工复核发现进入Prompt的父块 ca6f1e9b 含有可支撑回答的内容；模型回答与该证据语义一致。,否,0.4,0.775,48.4
1:200+,41,什么是平衡二叉树？,导师，平衡二叉树（AVL树）是一种二叉排序树，其中任意结点的左右子树高度差（平衡因子）的绝对值不超过1，用于保证查找效率。,"['ca6f1e9b', '0711fde2', '73c75f39', '9ebdaa13', '825eb10a']",ca6f1e9b,1,是,是,是,1,ca6f1e9b,时的ASL约为log2(n+1)-1。二分查找的效率远高于顺序查找，但要求表顺序存储且有序。问27：什么是平衡二叉树？答：平衡二叉树是一种二叉排序树，其中任意结点的左右子树高度差的绝对值...,原始CSV已判定为有效支撑；人工复核保留该判定。,否,0.4146,0.7805,29.6
1:200+,42,哈希表中常用的处理冲突方法有哪些？,导师，处理哈希冲突的方法主要有开放地址法和链地址法两大类。 1. **开放地址法**：当冲突发生时，按照某种探测规则寻找下一个空闲地址存放元素。 - 常用探测方式包括线性探测（逐次+1）、平方探测（+1²、-1²、+2²、-2²…）和再哈希法（用另一个哈希函数计算步长）。 - 优点：不需额外指针，存储密度高。缺点：容易产生聚集现象，删除结点需特殊标记。 2. **链地址法**：将哈希地址相同的结点链接成一个单链表，哈希表数组只存储各链表的头指针。 - 优点：不会发生数据聚集，插入和删除简便，平均查找长度较短。 - 缺点：需要额外指针空间，但通常这一点可接受。 实际应用如Java的HashMap中，当冲突不严重时采用链地址法，当链表长度超过阈值（TREEIFY_THRESHOLD=8）时转换为红黑树以优化极端情况下的性能。需要我进一步说明这些方法的时间复杂度分析或具体实现示例吗？,"['1021b1c7', 'ca6f1e9b', '506c4883', 'b6d620c6', '63f852e1']",1021b1c7,0,否,否,是,0,b6d620c6,但在已知插入/删除位置前驱结点时，只需修改指针，时间为O(1)。单链表适合数据规模变化大、插入删除频繁的场景，但每个结点需要额外指针域，存储密度低于顺序表。问：说明栈和队列的逻辑特征，并各举一个典型应用。答：栈是只允许在一端进行插入和删除的线性表，特点是后进先出（LIFO）。典型应用包括括号匹配、函数调用栈、表达式求值、深度优先搜索。典型应用包括括号匹配、函...,原始CSV自动规则无法证明有效支撑；人工复核在进入Prompt的知识库父块中未找到足够直接的支撑内容，保留AutoCorrect=0并标记待进一步复核。,是,0.4048,0.7619,15.2
1:200+,43,什么是排序算法的稳定性？哪些排序算法是稳定的？,导师，排序算法的稳定性指的是：当待排序序列中存在两个相等的关键字时，排序后它们的相对顺序保持不变，则称该排序算法是稳定的。 常见的稳定排序算法有： - **直接插入排序**（稳定） - **冒泡排序**（稳定，优化后仍稳定） - **归并排序**（稳定） - **基数排序**（稳定） - **计数排序**（稳定） 注意：简单选择排序、快速排序、堆排序、希尔排序是不稳定的。 如果需要我详细说明某个算法为何稳定或不稳定，请告诉我。,"['2c3660a7', 'ca6f1e9b', '4c35d16a', 'ccfcc674', 'ab744778']",2c3660a7,1,是,是,是,1,2c3660a7,是多少？答：归并排序采用分治策略，将序列递归地分成两半，分别排序后再将两个有序子序列合并。归并排序是稳定的，时间复杂度O(n log n)，空间复...,原始CSV已判定为有效支撑；人工复核保留该判定。,否,0.4186,0.7674,28.8
1:200+,44,快速排序最坏时间复杂度是多少？什么时候出现？,快速排序最坏时间复杂度为O(n²)，当每次选定的枢轴都导致极端不平衡（如待排序列已有序且选择首/尾为枢轴）时出现。,"['4c35d16a', '0e67c7c6', 'c56db730', '923c1c12', '849645c1']",4c35d16a,0,否,是,是,1,923c1c12,答：大顶堆是指每个结点的值都大于或等于其左右孩子结点的值的完全二叉树。堆排序中建堆的时间复杂度是O(n)。虽然每个结点的调整可能需要O(log n)，但所有结点的总调整次数是线性级别，详细证明可用数学归纳法或势能分析。问36：快速排序的空间复杂度是多少？为什么？答：快速排序的空间复杂度平均为O(log n)，最坏为O(n)。答：快速排序的空间复杂度平均为O(...,原始CSV自动判定为0，但人工复核发现进入Prompt的父块 923c1c12 含有可支撑回答的内容；模型回答与该证据语义一致。,否,0.4091,0.7727,29.4
1:200+,45,堆排序和归并排序分别有什么核心特征？,导师，堆排序的核心特征是：利用完全二叉树（堆）结构实现选择排序，原地排序不稳定，时间复杂度始终为O(n log n)且空间复杂度O(1)。归并排序的核心特征是：采用分治策略将序列递归分割后合并，稳定排序，时间复杂度O(n log n)但空间复杂度O(n)。,"['1021b1c7', '2c3660a7', 'ab744778', 'b6d620c6', 'b0f15d4b']",1021b1c7,1,是,是,是,1,2c3660a7,时间复杂度是多少？答：堆排序利用堆这种数据结构实现，堆是一棵完全二叉树，分为大顶堆和小顶堆。堆排序的时间复杂度始终为O(n log n)，且空间复杂度为O(1)。问34：归并排序的核心思想是什么？它的空间复杂度是多少？答：归并排序采用分治策略，将序列递归地分成两半，分别排序后再将两个有序子序列合并。归并排序是稳定的，时间复杂度O(n log n)，空间复...,原始CSV已判定为有效支撑；人工复核保留该判定。,否,0.4222,0.7778,33.0
1:200+,46,已知二叉树后序序列为C B E D A，中序序列为C B A E D，请画出二叉树结构。,导师，基于已知序列，我们来逐步推理并画出二叉树： **推理过程：** 1. **确定根结点**：后序序列最后一个元素是 **A**，所以根结点为 **A**。 2. **划分左右子树**：在中序序列中，A左侧为 **C B**，这是左子树的中序序列；A右侧为 **E D**，这是右子树的中序序列。 3. **构建左子树**： - 左子树的后序序列为 **C B**，中序序列为 **C B**。 - 后序最后一个元素是 **B**，故左子树的根为 **B**。 - B的中序左侧只有 **C**，所以 **C** 是 **B 的左孩子**，B无右孩子。 4. **构建右子树**： - 右子树的后序序列为 **E D**，中序序列为 **E D**。 - 后序最后一个元素是 **D**，故右子树的根为 **D**。 - D的中序左侧只有 **E**，所以 **E** 是 **D 的左孩子**，D无右孩子。 **最终二叉树结构（文字描述）**： - 根结点 **A** - 左孩子：**B**（B的左孩子为C，B无右孩子） - 右孩子：**D**（D的左孩子为E，D无右孩子） 该树形似一个倾斜的树，A下分出左B右D两枝，B和D各自只有左孩子。,"['024660ab', '4e7f7bfe', 'a3cdd4d3', '2c3660a7', '7444a54b']",024660ab,1,是,是,是,1,024660ab,问36：已知一棵二叉树的后序序列为C B E D A，中序序列为C B A E D，请画出该二叉树。答：后序最后一个元素A为根。在中序中，A左侧C B为左子树，右侧E D为右子树。左子树后序C B、中序C B，可知B为左子树根，C为B的左孩子。右子树后序E D、中序E D，可知D为右子树根，E为D的左孩子。二叉树结构为：A的左孩子B、右孩子D；B的左孩子C（...,原始CSV已判定为有效支撑；人工复核保留该判定。,否,0.4348,0.7826,109.4
1:200+,47,有向图邻接矩阵第一行为0 1 0 1，第二行0 0 1 0，第三行1 0 0 1，第四行0 1 0 0，顶点1的出度和入度是多少？,导师，顶点1的出度为第1行中1的个数，即2（到顶点2和顶点4）；入度为第1列中1的个数，即1（来自顶点3）。,"['3e466c17', '024660ab', '9ed3a9ea', 'f5ac1128', '40db568b']",3e466c17,1,是,是,是,1,3e466c17, F D A。问38：设有向图的邻接矩阵如下，求顶点1的出度和入度。邻接矩阵：第一行0 1 0 1，第二行0 0 1 0，第三行1 0 0 1，第四行0 1 0 0。答：顶点1的出度为第1行中1的个数，即2（到顶点2和顶点4）。顶点1的入度为第1列中1的个数，即1（来自顶点3）。邻接矩阵中行表示出边，列表示入边。邻接矩阵中行表示出边，列...,原始CSV已判定为有效支撑；人工复核保留该判定。,否,0.4468,0.7872,107.4
1:200+,48,"无向图边集为{(A,B),(A,C),(B,C),(B,D),(C,E),(D,E),(D,F)}，邻接表按字母顺序，从A出发DFS序列是什么",导师，从A出发，邻接点按字母顺序为B、C。DFS过程： 访问A → 访问B，B的邻接点有A（已访问）、C、D，按字母顺序先访问C → 访问C，C的邻接点有A、B（已访问）、E，访问E → E的邻接点有C（已访问）、D，访问D → D的邻接点有B、E（已访问）、F，访问F。 最终DFS序列：**A B C E D F**。,"['3e466c17', '0184a76c', '80032979', '9ed3a9ea', 'f5ac1128']",3e466c17,0,否,是,是,1,0184a76c,"访问）、E，访问E→E的邻接点C（已访问）、D，访问D→D的邻接点B、E（已访问）、F，访问F。最终DFS序列：A B C E D F。问40：对序列{15, 9, 7, 8, 20, -1, 7, 4}进行一趟希尔排序，增量d=...",原始CSV自动判定为0，但人工复核发现进入Prompt的父块 0184a76c 含有可支撑回答的内容；模型回答与该证据语义一致。,否,0.4375,0.7917,30.4
1:200+,49,"对序列{15,9,7,8,20,-1,7,4}进行一趟希尔排序，增量d=4，结果是什么？","导师，对序列 {15, 9, 7, 8, 20, -1, 7, 4} 进行一趟希尔排序（增量 d=4），过程如下： - 将序列分为 4 组：下标0和4（15,20）、下标1和5（9,-1）、下标2和6（7,7）、下标3和7（8,4）。 - 对每组进行直接插入排序（递增）：(15,20)、( -1,9)、(7,7)、(4,8)。 - 按原下标合并后得到一趟排序结果为：**15, -1, 7, 4, 20, 9, 7, 8**。","['0184a76c', '9d1bdab2', '9e6c0415', '0ffd1387', '3e466c17']",0184a76c,1,是,是,是,1,0184a76c,"S序列：A B C E D F。问40：对序列{15, 9, 7, 8, 20, -1, 7, 4}进行一趟希尔排序，增量d=...",原始CSV已判定为有效支撑；人工复核保留该判定。,否,0.449,0.7959,45.6
1:200+,50,设计算法对无序数组建大顶堆，核心思路和时间复杂度是什么？,导师，建大顶堆的核心思路是：从最后一个非叶子结点开始，自底向上依次对每个结点执行“下滤”操作，确保每个子树都满足堆定义。时间复杂度为 O(n)，因为下滤操作的次数与结点高度有关，经数学推导总调整次数收敛于线性。,"['0ffd1387', 'c98bba79', '10373929', 'a0e65d78', '8a3b9942']",0ffd1387,0,否,是,是,1,c98bba79,"空间复杂度O(1)，只使用了三个辅助变量。问49：设计算法，建立有n个结点的二叉排序树，依次插入关键字序列，写出伪代码并分析最坏时间复杂度。答：核心思想：从空树开始，逐个插入关键字。插入时与根比较，小于根走左子树，大于根走右子树，直到找到空位置。伪代码：textBuildBST(A, n):T = NULLfor i = 0 to n-1:InsertBST...",原始CSV自动判定为0，但人工复核发现进入Prompt的父块 c98bba79 含有可支撑回答的内容；模型回答与该证据语义一致。,否,0.44,0.8,29.6
