snr_ratio,round,question,original_answer,prompt_knowledge_parent_ids,top_parent_id,AutoCorrect,AutoSupport,ManualSupport,AnswerCorrect,FinalCorrect,EvidenceParentID,EvidenceQuote,CorrectionReason,NeedHumanReview,OriginalRollingAccuracy,CorrectedRollingAccuracy
1:5,1,设顺序表长度为n，在第i个元素之前插入一个新元素，平均需要移动多少个元素？,平均需要移动 n/2 个元素。因为若在第 i 个元素前插入，需要移动第 i 到第 n 个元素共 n-i+1 个，i 从 1 到 n+1 等可能时，平均移动次数约为 n/2。,"['9d61e736', '07c52459', '52fea983', '8288babf', '9d8f95a2']",9d61e736,1,是,是,是,1,9d61e736,问：设顺序表长度为n，在第i个元素之前插入一个新元素，平均需要移动多少个元素？答：D. n/2。若在第i个元素前插入，需要移动第i到第n个元素，共n-i+1个；i从1到n+1等可能时，平均移动约n/2个。问：链式存储结构相比顺序存储结构的主要优点是什么？答：B. 插入删除不需要大量移动元素。链表插入、删除时主要修改指针，不需,原始CSV已判定为有效支撑；人工复核保留该判定。,否,1.0,1.0
1:5,2,链式存储结构相比顺序存储结构，最主要的优点是什么？,链式存储结构最主要的优点是插入和删除操作只需修改指针，不需要移动大量元素，时间复杂度为O(1)（已知插入位置），而顺序存储则需移动平均一半元素。,"['4f7bb652', '2fd99ca9', '4223808a', '06cbb859', '9d61e736']",4f7bb652,0,否,是,是,1,2fd99ca9,存储密度高，结点只存储数据元素。缺点是插入和删除需要移动大量元素，时间复杂度为O(n)；需要预先分配连续空间，空间利用率低，扩展性差。问5：线性表的链式存储结构有什么优缺点？答：优点是插入和删除操作只需修改指针，不需要移动元素，时间复杂度为O(1)（已知插入位置）；空间分配灵活，不需要连续空间。缺点是不能随机访问，查找,原始CSV自动判定为0，但人工复核发现进入Prompt的父块 2fd99ca9 含有可支撑回答的内容；模型回答与该证据语义一致。,否,0.5,1.0
1:5,3,循环队列采用数组Q[0..m-1]，front指向队头，rear指向队尾后一个位置，队满条件是什么？,在循环队列中，队满的条件是 (rear + 1) % m == front。这是因为通常牺牲一个存储单元来区分队空和队满，当rear的下一个位置（循环意义上）等于front时，表示队列已满，无法再插入新元素。,"['9d61e736', '36813c45', '8288babf', '2ede359d', '06cbb859']",9d61e736,1,是,是,是,1,36813c45,下溢是指栈已空时继续执行出栈操作导致的错误。问6：在循环队列中，如何判断队空？答：front == rear时队空。在循环队列中，front指向队头元素，rear指向队尾元素的下一个位置，两者相等表示队列为空。问7：对于一个顺序存储的循环队列，数组大小为m，队列中最多能存放多少个元素？答：最多存放m-1个元素。循环队列通常牺牲一个存储单元来区分队空和队满，因...,原始CSV已判定为有效支撑；人工复核保留该判定。,否,0.6667,1.0
1:5,4,栈适合解决什么类型的问题？请给出典型例子。,栈采用后进先出（LIFO）的访问方式，特别适合需要“回溯”或“嵌套”结构的问题。典型例子包括：括号匹配（检查左右括号顺序是否合法）、函数调用栈（跟踪返回地址）、表达式求值（将中缀转为后缀）、深度优先搜索（DFS）等。,"['22763916', '5fc40fbf', '1c8aa6ee', '9d61e736', 'cf8a4fed']",22763916,1,是,是,是,1,22763916,但在已知插入/删除位置前驱结点时，只需修改指针，时间为O(1)。单链表适合数据规模变化大、插入删除频繁的场景，但每个结点需要额外指针域，存储密度低于顺序表。问：说明栈和队列的逻辑特征，并各举一个典型应用。答：栈是只允许在一端进行插入和删除的线性表，特点是后进先出（LIFO）。典型应用包括括号匹配、函数调用栈、表达式求值、深度优先搜索。典型应用包括括号匹配、函...,原始CSV已判定为有效支撑；人工复核保留该判定。,否,0.75,1.0
1:5,5,一棵具有n个结点的二叉树，空指针域个数是多少？,一棵具有n个结点的二叉树，采用二叉链表存储时，空指针域个数为 n+1。因为每个结点有两个指针域，共2n个指针，有效边数为n-1（根结点无入边），所以空指针数为2n-(n-1)=n+1。,"['0179f9a7', '52fea983', '510f1b66', '9d61e736', 'b700e16c']",0179f9a7,1,是,是,是,1,52fea983,问题，如函数递归调用、表达式求值、括号匹配、浏览器回退等。问：一棵具有n个结点的二叉树，其空指针域个数是多少？答：n+1。二叉链表中每个结点有两个指针域，共2n个指针；非空指针对应边数n-1，所以空指针数为2n-(n-1)=n+1。问：无向连通图有n个顶点，至少...,原始CSV已判定为有效支撑；人工复核保留该判定。,否,0.8,1.0
1:5,6,无向连通图有n个顶点，至少需要多少条边？,无向连通图至少需要 n-1 条边，此时构成一棵树（无环连通图）。若边数少于 n-1，则图必然不连通。,"['52fea983', 'b34e95d1', '40e1c76b', '2a921859', '64995d10']",52fea983,0,否,是,是,1,52fea983,2n个指针；非空指针对应边数n-1，所以空指针数为2n-(n-1)=n+1。问：无向连通图有n个顶点，至少...,原始CSV自动判定为0，但人工复核发现进入Prompt的父块 52fea983 含有可支撑回答的内容；模型回答与该证据语义一致。,否,0.6667,1.0
1:5,7,二分查找要求线性表满足什么条件？,二分查找要求线性表采用顺序存储结构（即数组），且表中的元素必须已按关键字有序排列（通常递增或递减）。这样才可以利用折半的方式快速定位目标元素。,"['52fea983', '22763916', '3f210429', '2a921859', '52ee2425']",52fea983,0,否,是,是,1,52ee2425,答：查找成功时ASL约为(n+1)/2，查找失败时ASL为n。顺序查找对表的结构没有要求，但效率较低。问26：二分查找的平均查找长度（ASL）大约是多少？答：二分查找查找成功时的ASL约为log2(n+1)-1。二分查找的效率远高于顺序查找，但要求表顺序存储且有序。问27：什么是平衡二叉树？答：平衡二叉树是一种二叉排序树，,原始CSV自动判定为0，但人工复核发现进入Prompt的父块 52ee2425 含有可支撑回答的内容；模型回答与该证据语义一致。,否,0.5714,1.0
1:5,8,直接插入排序在序列基本有序时，时间复杂度接近多少？,直接插入排序在序列基本有序时，时间复杂度接近 O(n)。这是因为每个元素只需经过很少的比较和移动就能插入到正确位置，内层 while 循环几乎不执行。,"['52fea983', 'be127544', '921d2ef6', 'e49ed934', 'd15852c3']",52fea983,0,否,是,是,1,d15852c3,"(1)，只使用了三个辅助变量。问49：设计算法，建立有n个结点的二叉排序树，依次插入关键字序列，写出伪代码并分析最坏时间复杂度。答：核心思想：从空树开始，逐个插入关键字。插入时与根比较，小于根走左子树，大于根走右子树，直到找到空位置。伪代码：textBuildBST(A, n):T = NULLfor i = 0 to n-1:InsertBST...",原始CSV自动判定为0，但人工复核发现进入Prompt的父块 d15852c3 含有可支撑回答的内容；模型回答与该证据语义一致。,否,0.5,1.0
1:5,9,哈希表产生冲突的根本原因是什么？,根本原因是关键字集合远大于地址空间，或者多个不同关键字经过哈希函数映射到了同一个地址，即发生了“多对一”的映射。,"['bac0b444', '52fea983', '98331fa4', '07c52459', '278227f9']",bac0b444,1,是,是,是,1,07c52459,问：哈希表产生冲突的根本原因是什么？答：关键字集合大于地址空间，或不同关键字经过同一哈希函数映射到了同一个地址，即多个关键字对应同一哈希地址。问：设算法T(n)=3n^2+20n+5，该算法的时间复杂度是多少？答：O(n^2)。大O表示只保留最高阶增长项并忽略常数系数。问：比较顺序表和单链表的适用场景。问：比较顺序表和单链,原始CSV已判定为有效支撑；人工复核保留该判定。,否,0.5556,1.0
1:5,10,判断一下，T(n)=3n²+20n+5的时间复杂度是多少？,T(n)=3n²+20n+5的时间复杂度是O(n²)。因为大O表示法只保留最高阶项并忽略常数系数，这里最高阶项是3n²，所以时间复杂度为O(n²)。,"['52fea983', '07c52459', '9d8f95a2', '1600a5fe', '8288babf']",52fea983,1,是,是,是,1,07c52459,映射到了同一个地址，即多个关键字对应同一哈希地址。问：设算法T(n)=3n^2+20n+5，该算法的时间复杂度是多少？答：O(n^2)。大O表示只保留最高阶增长项并忽略常数系数。问：比较顺序表和单链表的适用场景。问：比较顺序表和单链表的适用场景。答：顺序表支持按下标随...,原始CSV已判定为有效支撑；人工复核保留该判定。,否,0.6,1.0
1:5,11,比较顺序表和单链表的适用场景,顺序表采用数组存储，支持随机存取，适合查找频繁、数据规模稳定、插入删除主要发生在表尾的场景。单链表通过指针链接，插入和删除只需修改指针，适合数据规模动态变化、插入删除操作频繁（尤其是已知位置时）的场景，但查找需遍历，且存储密度较低。,"['07c52459', '22763916', 'd27a4a82', '85402e8a', '52fea983']",07c52459,1,是,是,是,1,22763916,但在已知插入/删除位置前驱结点时，只需修改指针，时间为O(1)。单链表适合数据规模变化大、插入删除频繁的场景，但每个结点需要额外指针域，存储密度低于顺序表。问：说明栈和队列的逻辑特征，并各举一个典型应用。答：栈是只允许在一端进行插入和删除的线性表，特点是后进先出（LIFO）。典型应用包括括号匹配、函数调用栈、表达式求值、深度优先搜索。典型应用包括括号匹配、函...,原始CSV已判定为有效支撑；人工复核保留该判定。,否,0.6364,1.0
1:5,12,栈和队列的逻辑特征分别是什么？各举一个应用。,栈的逻辑特征是后进先出（LIFO），即只允许在一端进行插入和删除。典型应用：浏览器后退功能，按访问顺序压栈，后退时弹出最近访问的页面。队列的逻辑特征是先进先出（FIFO），即只允许在一端插入、另一端删除。典型应用：打印机任务队列，先提交的打印任务先被执行。,"['22763916', '07c52459', '9d61e736', '52fea983', '06cbb859']",22763916,1,是,是,是,1,22763916,、插入删除频繁的场景，但每个结点需要额外指针域，存储密度低于顺序表。问：说明栈和队列的逻辑特征，并各举一个典型应用。答：栈是只允许在一端进行插入和删除的线性表，特点是后进先出（LIFO）。典型应用包括括号匹配、函数调用栈、表达式求值、深度优先搜索。典型应用包括括号匹配、函...,原始CSV已判定为有效支撑；人工复核保留该判定。,否,0.6667,1.0
1:5,13,简述二叉排序树的查找过程。,二叉排序树的查找过程为：从根结点开始，若给定关键字等于当前结点关键字，则查找成功；若小于当前结点关键字，则进入左子树继续查找；若大于，则进入右子树继续查找。重复此过程，直到找到目标结点或遇到空指针，说明查找失败。,"['22763916', 'b700e16c', '52ee2425', '52fea983', '268d8ea7']",22763916,0,否,是,是,1,52ee2425,答：查找成功时ASL约为(n+1)/2，查找失败时ASL为n。顺序查找对表的结构没有要求，但效率较低。问26：二分查找的平均查找长度（ASL）大约是多少？答：二分查找查找成功时的ASL约为log2(n+1)-1。二分查找的效率远高于顺序查找，但要求表顺序存储且有序。问27：什么是平衡二叉树？答：平衡二叉树是一种二叉排序树，,原始CSV自动判定为0，但人工复核发现进入Prompt的父块 52ee2425 含有可支撑回答的内容；模型回答与该证据语义一致。,否,0.6154,1.0
1:5,14,图的邻接矩阵和邻接表分别适合什么情况？,邻接矩阵用二维数组表示顶点间的关系，适合稠密图（边数接近顶点数平方），判断任意两点是否有边的时间复杂度为O(1)，但空间复杂度为O(n^2)；邻接表由顶点表和边链表组成，适合稀疏图（边数远小于顶点数平方），存储空间更省，但判断两点是否有边需要遍历对应链表，时间复杂度较高（O(度)）。,"['3f210429', '22763916', '64995d10', 'c4b0c72a', '52fea983']",3f210429,1,是,是,是,1,3f210429,均查找效率与树高有关，理想情况下为O(log n)，最坏退化为O(n)。问：图的邻接矩阵和邻接表分别适合什么情况？答：邻接矩阵用二维数组表示顶点之间是否有边，适合稠密图，判断任意两点之间是否有边的时间为O(1)，但空间复杂度为O(n^2)。答：邻接矩阵用二维数组表...,原始CSV已判定为有效支撑；人工复核保留该判定。,否,0.6429,1.0
1:5,15,已知二叉树先序为A B D E C F，中序为D B E A F C，后序遍历是什么？,根据先序序列首元素A为根，在中序序列中A左侧的D B E构成左子树，右侧的F C构成右子树。左子树先序B D E、中序D B E，可知B为左子树根，D为B的左孩子，E为B的右孩子；右子树先序C F、中序F C，可知C为右子树根，F为C的左孩子。后序遍历序列为：D E B F C A。,"['bbe250dc', 'b0cf2611', '3f210429', '1ecad386', 'b700e16c']",bbe250dc,0,否,是,是,1,1ecad386,请画出该二叉树，并写出后序遍历序列。答：先序首元素A为根；中序序列中A左侧为D B E，右侧为F C。左子树先序为B D E，中序为D B E，所以左子树根为B，B的左孩子为D，右孩子为E。右子树先序为C F，中序为F C，所以右子树根为C，C的左孩子为F。该树结构为：A的左孩子B、右孩子C；B的左右孩子分别为D、E；C的左孩,原始CSV自动判定为0，但人工复核发现进入Prompt的父块 1ecad386 含有可支撑回答的内容；模型回答与该证据语义一致。,否,0.6,1.0
1:5,16,无向连通带权图边为AB=2，AC=3，BC=1，BD=4，CD=5，CE=6，DE=2，用Kruskal算法求最小生成树和总权值。,"好的，导师。我们使用Kruskal算法求该无向连通带权图的最小生成树，顶点集为{A, B, C, D, E}，共5个顶点，因此最小生成树应有4条边。

第一步，将所有边按权值从小到大排序：
1. BC (1)
2. AB (2)
3. DE (2)
4. AC (3)
5. BD (4)
6. CD (5)
7. CE (6)

第二步，从最小边开始逐条选取，并利用并查集检查是否形成回路：
- 选BC(1)：连通B、C，不构成回路，加入。
- 选AB(2)：连通A、B（此时A、B、C在同一连通分量），加入。
- 选DE(2)：连通D、E（新分量），加入。
- 选AC(3)：A和C已在同一分量，跳过。
- 选BD(4)：B在分量{A,B,C}，D在分量{D,E}，不同分量，加入，此时已选中4条边。

此时所有顶点连通，最小生成树边集为{BC, AB, DE, BD}，总权值 = 1 + 2 + 2 + 4 = 9。

Kruskal算法结束，最小生成树总权值为9。","['1ecad386', '0a943b8b', '52fea983', 'd15852c3', 'c4b0c72a']",1ecad386,1,是,是,是,1,0a943b8b,"AC会与A-B-C构成回路，跳过；选BD将两个连通分量连接。最小生成树边集为{BC, AB, DE, BD}，总权值为1+2+2+4=9。问：有向图从源点S出发，边权如下：S→A=2，S→B=5，A→B=1，A→C=4，B→C=1，B→D=7，C→D=3。请用Dijkstra算法求S到各点的最短距离。答：初始化：d(S",原始CSV已判定为有效支撑；人工复核保留该判定。,否,0.625,1.0
1:5,17,有向图边权为S→A=2，S→B=5，A→B=1，A→C=4，B→C=1，B→D=7，C→D=3，用Dijkstra求S到各点最短距离。,"好的，导师。我们使用Dijkstra算法计算有向图从S出发到各点的最短距离。所有边权非负，算法适用。

**初始化**：设d[S]=0，d[A]=2，d[B]=5，d[C]=∞，d[D]=∞。所有顶点未标记。

**第1轮**：选当前距离最小的未标记顶点S（d=0），标记S。更新邻接点：  
- S→A：d[A] = min(2, 0+2) = 2  
- S→B：d[B] = min(5, 0+5) = 5  
此时d：S=0，A=2，B=5，C=∞，D=∞。

**第2轮**：未标记顶点中最小为A（d=2），标记A。更新：  
- A→B：d[B] = min(5, 2+1)=3  
- A→C：d[C] = min(∞, 2+4)=6  
此时d：A=2，B=3，C=6，D=∞。

**第3轮**：未标记中最小为B（d=3），标记B。更新：  
- B→C：d[C] = min(6, 3+1)=4  
- B→D：d[D] = min(∞, 3+7)=10  
此时d：B=3，C=4，D=10。

**第4轮**：未标记中最小为C（d=4），标记C。更新：  
- C→D：d[D] = min(10, 4+3)=7  
此时d：C=4，D=7。

**第5轮**：未标记只剩D（d=7），标记D，无更新。

**最终结果**：  
S→S：0  
S→A：2  
S→B：3  
S→C：4  
S→D：7  

最短路径分别对应：S→A，S→A→B，S→A→B→C，S→A→B→C→D。","['0a943b8b', '1ecad386', '40e1c76b', '7c3cefd2', '4199444b']",0a943b8b,0,否,是,是,1,0a943b8b,2，S→B=5，A→B=1，A→C=4，B→C=1，B→D=7，C→D=3。请用Dijkstra算法求S到各点的最短距离。答：初始化：d(S)=0，d(A)=2，d(B)=5，d(...,原始CSV自动判定为0，但人工复核发现进入Prompt的父块 0a943b8b 含有可支撑回答的内容；模型回答与该证据语义一致。,否,0.5882,1.0
1:5,18,"对序列49,38,65,97,76,13,27进行一趟快速排序，以49为枢轴，划分结果是什么？","导师，一趟快速排序以49为枢轴（采用常见的双向扫描划分）后，结果序列为：27, 38, 13, **49**, 76, 97, 65。枢轴49最终位于第4个位置（即索引3，从1计数为第4个），其左侧元素均小于49，右侧元素均大于49。","['68fa9c76', '0a943b8b', 'e49ed934', '656785d2', 'be127544']",68fa9c76,1,是,是,是,1,68fa9c76,"对应路径分别为S-A，S-A-B，S-A-B-C，S-A-B-C-D。问：对序列49, 38, 65, 97, 76, 13, 27进行一趟快速排序，以第一个元素49为枢轴。请写出一趟划分后的结果，并说明枢轴最终位置。答：以49为枢轴，采用常见双向扫描划分，可得到结果：27, 38, 13, 49, 76, 97, 65。枢轴49最终位于第4个位置；其左侧元...",原始CSV已判定为有效支撑；人工复核保留该判定。,否,0.6111,1.0
1:5,19,"设H(key)=key mod 11，线性探测插入22,41,53,46,30,13，哈希表结果是什么？","导师，哈希表大小为11（地址0~10），采用线性探测法插入后的结果如下（括号内为位置）：

- 22 mod 11 = 0 → 位置0：22  
- 41 mod 11 = 8 → 位置8：41  
- 53 mod 11 = 9 → 位置9：53  
- 46 mod 11 = 2 → 位置2：46  
- 30 mod 11 = 8 → 冲突，探测9（已占），再探测10（空）→ 位置10：30  
- 13 mod 11 = 2 → 冲突，探测3（空）→ 位置3：13  

最终哈希表：

| 地址 | 0 | 1 | 2 | 3 | 4 | 5 | 6 | 7 | 8 | 9 | 10 |
|------|---|---|---|---|---|---|---|---|---|---|---|
| 键   | 22|   |46 |13 |   |   |   |   |41 |53 |30 |","['68fa9c76', '1fbc2070', 'c0237783', '7366f611', 'c4b0c72a']",68fa9c76,1,是,是,是,1,1fbc2070,"一趟后结果：-1, 9, 7, 4, 15, 20, 7, 8。问41：已知一组关键字{19, 14, 23, 1, 68, 20, 84, 27}，哈希函数H(key)=key mod 13，采用链地址法处理冲突，请画出哈希表。答：计算哈希地址：H(19)=6，H(14)=1，H(23)=10，H(1)=1，H(68)=3，H(20)=7，H(84)=6，...",原始CSV已判定为有效支撑；人工复核保留该判定。,否,0.6316,1.0
1:5,20,删除带头结点单链表中值最小的结点，核心思路是什么？,导师，核心思路是：遍历单链表，记录当前最小值结点及其前驱结点，遍历结束后将最小值结点从链表中摘除（通过前驱结点指针跳过该结点），最后释放结点空间。时间复杂度O(n)，空间复杂度O(1)。,"['a4ceb5f8', 'be127544', '9a64b21e', '8288babf', '2ede359d']",a4ceb5f8,0,否,是,是,1,8288babf,用连续存储，可以通过下标直接计算出元素地址，实现随机访问。问3：在一个长度为n的单链表中，在值为x的结点之后插入一个新结点，已知指向x的指...,原始CSV自动判定为0，但人工复核发现进入Prompt的父块 8288babf 含有可支撑回答的内容；模型回答与该证据语义一致。,否,0.6,1.0
1:5,21,如何判断字符串中的小括号、方括号、花括号是否匹配？,"导师，判断括号是否匹配的核心思路是使用栈。

算法步骤：
1. 遍历字符串每个字符。
2. 若遇到左括号（'('、'['、'{'），将其入栈。
3. 若遇到右括号（')'、']'、'}'）：
   - 若栈空，则不匹配（右括号多余）。
   - 否则，弹出栈顶元素，检查是否与当前右括号匹配（即左括号对应右括号）。
4. 遍历结束后，若栈为空则全部匹配，否则有左括号未匹配。

需要注意：非括号字符直接跳过。时间复杂度O(n)，空间复杂度O(n)（最坏情况全是左括号）。

伪代码可表示为：
```
function isBracketMatch(s):
    stack = []
    for ch in s:
        if ch in '([{':
            stack.push(ch)
        else if ch in ')]}':
            if stack.isEmpty(): return false
            top = stack.pop()
            if not isPair(top, ch): return false
    return stack.isEmpty()
```
其中`isPair`函数判断左右括号是否对应，例如 '('与')'等。","['27efd829', 'a4ceb5f8', '36813c45', '945b158b', '22763916']",27efd829,1,是,是,是,1,27efd829,e(minNode)时间复杂度O(n)，空间复杂度O(1)。问：输入一个只包含小括号、方括号、花括号以及其他字符的字符串，设计算法判断括号是否匹配。要求写出核心思路和伪代码...,原始CSV已判定为有效支撑；人工复核保留该判定。,否,0.619,1.0
1:5,22,设二叉树采用二叉链表存储，如何递归求二叉树高度？,"导师，递归求二叉树高度的核心思路是分治法。

算法步骤：
1. 如果二叉树为空（根指针为NULL），高度为0。
2. 否则，递归计算左子树的高度，记为 leftHeight。
3. 递归计算右子树的高度，记为 rightHeight。
4. 当前二叉树的高度为 max(leftHeight, rightHeight) + 1（加1是因为要加上根结点这一层）。

伪代码如下：
```
int GetHeight(BiTree T) {
    if (T == NULL)
        return 0;
    int leftH = GetHeight(T->lchild);
    int rightH = GetHeight(T->rchild);
    return (leftH > rightH ? leftH : rightH) + 1;
}
```
时间复杂度为 O(n)，每个结点被访问一次；空间复杂度取决于递归栈深度，最坏情况（单支树）为 O(n)，平衡二叉树时为 O(log n)。","['1a6f6dcc', 'b700e16c', '339d1dcd', 'af044c79', '9a64b21e']",1a6f6dcc,1,是,是,是,1,339d1dcd,SwapChildren(T.right)时间复杂度O(n)，每个结点访问一次。递归栈空间复杂度与树高有关，最坏O(n)，平衡时O(log n)。问44：设计非递归算法实现二叉树的中序遍历，写出伪代码并分析空间复杂度。答：核心思想：使用栈辅...,原始CSV已判定为有效支撑；人工复核保留该判定。,否,0.6364,1.0
1:5,23,给定非递减有序数组，如何原地删除重复元素并返回去重后长度？,"导师，核心思路是使用快慢指针。

算法步骤：
1. 若数组长度n为0，直接返回0。
2. 初始化慢指针`slow=0`，指向当前去重后最后一个有效元素的下标。
3. 快指针`fast`从1开始遍历整个数组：
   - 若`A[fast]`不等于`A[slow]`，则`slow`前移一位，并将`A[fast]`赋值给`A[slow]`。
   - 否则，继续移动`fast`。
4. 遍历结束后，返回`slow+1`即为去重后的长度。

时间复杂度O(n)，空间复杂度O(1)，满足原地要求。","['9d8f95a2', '1a6f6dcc', '8288babf', '38f864b4', '110445fa']",9d8f95a2,1,是,是,是,1,9d8f95a2,栈空间复杂度与树高有关，最坏O(n)，平衡时O(log n)。问：给定一个非递减有序数组A[0..n-1]，要求原地删除重复元素，返回去重后的长度。要求空间复杂度O(1)。答：核心思想：使用快慢指针。slow指向当前去重后最后一个元素位置，fast扫描数组；当A[fast]与A[slow]不同时，slow后移并复制A...,原始CSV已判定为有效支撑；人工复核保留该判定。,否,0.6522,1.0
1:5,24,什么是算法的时间复杂度？,导师，算法时间复杂度是指算法执行时间随输入规模增长的变化趋势，通常用大O记号表示，只保留最高阶项并忽略常数系数和低阶项。例如，T(n)=3n²+20n+5的时间复杂度为O(n²)。,"['9d8f95a2', '8288babf', '1a6f6dcc', '4f7bb652', '1600a5fe']",9d8f95a2,0,否,是,是,1,8288babf,问1：算法的时间复杂度是指什么？答：时间复杂度是指算法执行时间随问题规模增长的增长趋势，用大O记号表示，关注的是最高阶增长项，忽略常数系数和低阶项。问2：在顺序表中，访问第i个元素的时间复杂度是多少？答：O(1)。顺序表采用连续存储，可以通过下标直接计算出元素地址，实现随机访问。问3：在一个长度为n的单链表中，在值为x的结点,原始CSV自动判定为0，但人工复核发现进入Prompt的父块 8288babf 含有可支撑回答的内容；模型回答与该证据语义一致。,否,0.625,1.0
1:5,25,单链表中，已知指向值为x的结点指针，在该结点之后插入新结点的时间复杂度是多少？,导师，已知指向值为x的结点指针时，在其后插入新结点的时间复杂度为O(1)。因为只需修改该结点和新结点的指针域即可完成插入，操作步骤固定，与链表长度无关。,"['8288babf', '9d8f95a2', '2ede359d', '1fbc2070', 'b70b3f9c']",8288babf,0,否,是,是,1,8288babf,问1：算法的时间复杂度是指什么？答：时间复杂度是指算法执行时间随问题规模增长的增长趋势，用大O记号表示，关注的是最高阶增长项，忽略常数系数和低阶项。问2：在顺序表中，访问第i个元素的时间复杂度是多少？答：O(1)。顺序表采用连续存储，可以通过下标直接计算出元素地址，实现随机访问。问3：在一个长度为n的单链表中，在值为x的结点之后插,原始CSV自动判定为0，但人工复核发现进入Prompt的父块 8288babf 含有可支撑回答的内容；模型回答与该证据语义一致。,否,0.6,1.0
1:5,26,单链表中删除值为x的结点，若不知道其前驱结点，时间复杂度是多少？,导师，若不知道值为x的结点的前驱结点，则删除操作的时间复杂度为O(n)。因为单链表无法直接访问前驱，必须先从头遍历链表，找到值为x的结点同时记录其前驱结点，才能完成删除。,"['8288babf', '9d8f95a2', 'a4ceb5f8', '07c52459', '1a6f6dcc']",8288babf,0,否,是,是,1,8288babf,问1：算法的时间复杂度是指什么？答：时间复杂度是指算法执行时间随问题规模增长的增长趋势，用大O记号表示，关注的是最高阶增长项，忽略常数系数和低阶项。问2：在顺序表中，访问第i个元素的时间复杂度是多少？答：O(1)。顺序表采用连续存储，可以通过下标直接计算出元素地址，实现随机访问。问3：在一个长度为n的单链表中，在值为x的结点之后插,原始CSV自动判定为0，但人工复核发现进入Prompt的父块 8288babf 含有可支撑回答的内容；模型回答与该证据语义一致。,否,0.5769,1.0
1:5,27,栈的上溢和下溢分别是什么意思？,"导师，栈的上溢和下溢是针对栈的两种异常状态：

- **上溢（Overflow）**：当栈已满（对于固定容量栈而言），还要继续执行入栈操作时发生。例如用数组实现栈，栈顶指针已指向最大下标，再 push 就会上溢。

- **下溢（Underflow）**：当栈为空，还要继续执行出栈或取栈顶操作时发生。例如空栈执行 pop 或 top 操作就会下溢。

简单记忆：上溢是“栈满再放”，下溢是“栈空再取”。","['4199444b', '27efd829', '8288babf', '97cfe7e8', '339d1dcd']",4199444b,0,否,是,是,1,339d1dcd,"if T == NULL:returnswap(T.left, T.right)SwapChildren(T.left)SwapChildren(T.right)时间复杂度O(n)，每个结点访问一次。递归栈空间复杂度与树高有关，最坏O(n)，平衡时O(log n)。问44：设计非递归算法实现二叉树的中序遍历，写出伪代码并分析空间复杂度。答：核心思想：使用栈辅...",原始CSV自动判定为0，但人工复核发现进入Prompt的父块 339d1dcd 含有可支撑回答的内容；模型回答与该证据语义一致。,否,0.5556,1.0
1:5,28,循环队列如何判断队空？数组大小为m时最多存放多少个元素？,"导师，循环队列判断队空的条件是：**队头指针front等于队尾指针rear时，队列为空**。front指向队头元素，rear指向队尾元素的下一个位置，两者相等表示队列中没有元素。

对于数组大小为m的循环队列，**最多能存放m-1个元素**。这是因为循环队列通常牺牲一个存储单元来区分队空和队满：若队满条件也为front==rear，则无法与队空区分，所以约定当(rear+1)%m == front时表示队满，因此队列中最多只存放m-1个元素。","['36813c45', '8288babf', '679e9079', '510f1b66', '110445fa']",36813c45,1,是,是,是,1,36813c45,下溢是指栈已空时继续执行出栈操作导致的错误。问6：在循环队列中，如何判断队空？答：front == rear时队空。在循环队列中，front指向队头元素，rear指向队尾元素的下一个位置，两者相等表示队列为空。问7：对于一个顺序存储的循环队列，数组大小为m，队列中最多能存放多少个元素？答：最多存放m-1个元素。循环队列通常牺牲一个存储单元来区分队空和队满，因...,原始CSV已判定为有效支撑；人工复核保留该判定。,否,0.5714,1.0
1:5,29,什么是递归？递归的两个基本要素是什么？,"导师，递归是一种通过函数直接或间接调用自身来解决问题的编程技术。它将复杂问题分解为规模更小的同类子问题，直到达到可直接求解的基准情况。

递归的两个基本要素包括：
1. **递归出口（终止条件）**：定义问题的最简单情况，当满足该条件时递归不再继续，直接返回结果。这是防止无限递归的关键。
2. **递归关系（递推公式）**：将原问题分解为规模更小的子问题，并明确如何从子问题的解构造出原问题的解。通常表现为函数调用自身，并逐步向终止条件逼近。","['36813c45', 'c0237783', '732f8c97', '339d1dcd', '52fea983']",36813c45,0,否,是,是,1,52fea983,栈的逻辑特征是后进先出（LIFO），适合处理“最近进入、最先退出”的问题，如函数递归调用、表达式求值、括号匹配、浏览器回退等。问：一棵具有n个结点的二叉树，其空指针域个数是多少？答：n+1。二叉链表中每个结点有两个指针域，共2n个指针；非空指针对应边数n-1，所以空指针数为2n-(n-1)=n+1。问：无向连通图有n个顶点，至少...,原始CSV自动判定为0，但人工复核发现进入Prompt的父块 52fea983 含有可支撑回答的内容；模型回答与该证据语义一致。,否,0.5517,1.0
1:5,30,解释KMP算法相比朴素匹配算法的优势。,导师，KMP算法的核心优势在于：它利用已匹配部分的模式串信息，通过next数组避免主串指针回溯，从而将最坏时间复杂度从朴素匹配的O(m×n)降至O(m+n)，显著提升了匹配效率。,"['510f1b66', '36813c45', '22763916', '27efd829', 'be127544']",510f1b66,0,否,是,是,1,510f1b66,答：O(m×n)，其中m为模式串长度，n为主串长度。最坏情况下每次匹配都需要比较到模式串的最后一个字符才发现不匹配。问10：KMP算法相比朴素匹配算法的优势是什么？答：KMP算法利用已经部分匹配的信息，避免主串指针回溯，最坏时间复杂度为O(m+n)，比朴素算法的O(m×n)更高效。问11：数组通常采用什么存储方式？答：数组通常采用顺序存储，元素在内存中连续存...,原始CSV自动判定为0，但人工复核发现进入Prompt的父块 510f1b66 含有可支撑回答的内容；模型回答与该证据语义一致。,否,0.5333,1.0
1:5,31,"广义表((a,b),c,(d,(e)))的表头和表尾分别是什么？","导师，广义表((a,b),c,(d,(e)))的表头是第一个元素(a,b)，即**子表(a,b)**；表尾是除去表头后剩余元素组成的子表，即**(c,(d,(e)))**。注意，表尾一定是子表，而非单个元素。","['510f1b66', '4199444b', 'bb48b311', '2fd99ca9', '2a0b981a']",510f1b66,0,否,是,是,1,2a0b981a,"第一个非零元的链接信息）、十字链表（每个非零元同时链入行链表和列链表）。问13：广义表的深度是指什么？答：广义表的深度是指广义表中括号嵌套的最大层数。例如，广义表((a,b...",原始CSV自动判定为0，但人工复核发现进入Prompt的父块 2a0b981a 含有可支撑回答的内容；模型回答与该证据语义一致。,否,0.5161,1.0
1:5,32,树中结点的度是什么意思？,导师，树中结点的度是指该结点所拥有的子树的个数（即直接后继结点数）。例如，根结点有3个子结点，则根的度为3。叶子结点的度为0。,"['b700e16c', '9a64b21e', '510f1b66', '8bf37d39', 'af044c79']",b700e16c,0,否,是,是,1,af044c79,问15：二叉树与度为2的树有什么区别？答：二叉树是有序树，即使一个结点只有一个子树，也区分是左子树还是右子树。度为2的树的每个结点要么有0个孩子要么有2个孩子，但不区分左右。二叉树可以是空树，度为2的树至少要有3个结点（否则度不为2）。问16：一棵完全二叉树有768个结点，其叶子结点数是多少？答：完全二叉树中，度为1的结点数只可能为0或1。答：完全二叉树中，...,原始CSV自动判定为0，但人工复核发现进入Prompt的父块 af044c79 含有可支撑回答的内容；模型回答与该证据语义一致。,否,0.5,1.0
1:5,33,二叉树第k层最多有多少个结点？深度为h的二叉树最多有多少个结点？,"导师，对于二叉树：
- 第k层最多有 **2^(k-1)** 个结点（k≥1，根为第1层）。因为每层最多是上一层的2倍。
- 深度为h的二叉树最多有 **2^h - 1** 个结点，当树为满二叉树时达到最大值，即各层结点数之和为等比数列求和结果。","['0179f9a7', '510f1b66', 'b700e16c', 'af044c79', '9a64b21e']",0179f9a7,1,是,是,是,1,0179f9a7,答：结点的度是指该结点拥有的子树个数，或者说该结点有多少个直接后继。问14：二叉树的第k层最多有多少个结点？答：最多有2^(k-1)个结点。二叉树每个结点最多有两个孩子，第1层最多1个，第2层最多2个，以此类推。问15：深度为h的二叉树最多有多少个结点？答：最多有2^h - 1个结点。满二叉树时达到最大结点数，每层结点数之和为等比数列求和。问16：什么是满二...,原始CSV已判定为有效支撑；人工复核保留该判定。,否,0.5152,1.0
1:5,34,满二叉树和完全二叉树分别是什么？,"导师，满二叉树和完全二叉树都是二叉树的重要概念，区别如下：

- **满二叉树**：一棵深度为h的二叉树，如果所有叶子结点都在第h层，且每个非叶子结点都有两个孩子，则称为满二叉树。此时结点总数达到最大值2^h - 1。满二叉树每一层都是满的。

- **完全二叉树**：一棵二叉树中，除了最后一层外，其余各层都是满的，且最后一层的结点从左到右连续排列（中间无空缺），则称为完全二叉树。完全二叉树可以看作满二叉树在最后一层从右向左删去若干结点得到的。叶子结点只可能出现在最后两层。

简言之，满二叉树是完全二叉树的特例，完全二叉树不一定是满的。","['0179f9a7', 'af044c79', '510f1b66', '2a0b981a', 'b700e16c']",0179f9a7,0,否,是,是,1,0179f9a7,答：结点的度是指该结点拥有的子树个数，或者说该结点有多少个直接后继。问14：二叉树的第k层最多有多少个结点？答：最多有2^(k-1)个结点。二叉树每个结点最多有两个孩子，第1层最多1个，第2层最多2个，以此类推。问15：深度为h的二叉树最多有多少个结点？答：最多有2^h - 1个结点。满二叉树时达到最大结点数，每层结点数之和为等比数列求和。问16：什么是满二...,原始CSV自动判定为0，但人工复核发现进入Prompt的父块 0179f9a7 含有可支撑回答的内容；模型回答与该证据语义一致。,否,0.5,1.0
1:5,35,哈夫曼树的构建原则是什么？,导师，哈夫曼树的构建原则是：每次从森林中选出两个权值最小的树合并为一棵新树，新树的权值为两者之和，重复此过程直到只剩一棵树。这样能保证带权路径长度WPL最小。,"['0179f9a7', 'b34e95d1', 'b700e16c', '4bf02381', '4199444b']",0179f9a7,1,是,是,是,1,b34e95d1,。后序遍历：左子树→右子树→根。三种遍历的区别在于访问根结点的时机不同。问19：哈夫曼树的构建原则是什么？答：每次从森林中选取两个权值最小的树合并为一棵新树，新树的权值为两棵子树权值之和。重复此过程直到只剩一棵树。哈夫曼树的带权路径长度WPL最小。问20：什么是图的连通分量？问20：什么是图的连通...,原始CSV已判定为有效支撑；人工复核保留该判定。,否,0.5143,1.0
1:5,36,什么是图的连通分量和生成树？,"导师，我来解释这两个概念。

**连通分量**：在无向图中，如果任意两个顶点之间都存在路径，则称该图为连通图。连通分量指的是无向图中的**极大连通子图**——即该子图本身是连通的，且再添加任意一个原图中不在该子图中的顶点就不再连通。一个有多个连通分支的非连通图，其每个分支都是一个连通分量。例如，一个由两棵分离的树组成的图，就有两个连通分量。

**生成树**：对于一个连通的无向图，它的生成树是一个**极小连通子图**，包含原图中的所有顶点，并且只有恰好能保持图连通的边数（即边数 = 顶点数 - 1）。生成树不能含有回路，因为一旦有回路就可以去掉一条边而不破坏连通性。最小生成树则是权值之和最小的生成树，可以用Prim或Kruskal算法求得，这也是我们之前讨论的内容。

这两个概念中，连通分量是图整体的结构划分，生成树则是针对单个连通分量的简化表示。","['b34e95d1', '52fea983', '2a921859', '8bf37d39', '1ecad386']",b34e95d1,0,否,是,是,1,2a921859,rim算法从任意顶点开始，每次选择连接已选顶点集与未选顶点集的最小权边，逐步扩展生成树。Kruskal算法每次从所有边中选择权值最小且不构成回路的边，逐步合并连通分量。问23：拓扑排序适用于什么样的图？答：拓扑排序适用于有向无环图。它可以将图中所有顶点排成一个线性序列，使得对于每条有向边(u...,原始CSV自动判定为0，但人工复核发现进入Prompt的父块 2a921859 含有可支撑回答的内容；模型回答与该证据语义一致。,否,0.5,1.0
1:5,37,Prim算法和Kruskal算法的基本思想有什么区别？,导师，Prim算法和Kruskal算法的核心区别在于构建策略：**Prim是顶点优先**——从任意起点开始，每次选择连接已选顶点集与未选顶点集的最小权边，逐步扩展生成树；**Kruskal是边优先**——每次从全图中挑选权值最小且不构成回路的边，逐步合并连通分量。前者适合边稠密图，后者适合边稀疏图。,"['2a921859', 'b34e95d1', '8bf37d39', '40e1c76b', '9a64b21e']",2a921859,1,是,是,是,1,2a921859,问22：Prim算法和Kruskal算法的基本思想分别是什么？答：Prim算法从任意顶点开始，每次选择连接已选顶点集与未选顶点集的最小权边，逐步扩展生成树。Kruskal算法每次从所有边中选择权值最小且不构成回路的边，逐步合并连通分量。问23：拓扑排序适用于什么样的图？答：拓扑排序适用于有向无环图。它可以将图中所有顶点排成一个,原始CSV已判定为有效支撑；人工复核保留该判定。,否,0.5135,1.0
1:5,38,拓扑排序适用于什么图？,"导师，拓扑排序适用于有向无环图（DAG）。它能够将图中所有顶点排成一个线性序列，使得对于每条有向边(u, v)，顶点u在序列中始终出现在顶点v之前，常用于任务调度和依赖分析。","['2a921859', 'b34e95d1', '64995d10', 'e49ed934', '4199444b']",2a921859,0,否,是,是,1,2a921859,kal算法每次从所有边中选择权值最小且不构成回路的边，逐步合并连通分量。问23：拓扑排序适用于什么样的图？答：拓扑排序适用于有向无环图。它可以将图中所有顶点排成一个线性序列，使得对于每条有向边(u...,原始CSV自动判定为0，但人工复核发现进入Prompt的父块 2a921859 含有可支撑回答的内容；模型回答与该证据语义一致。,否,0.5,1.0
1:5,39,什么是AOE网中的关键路径？,导师，关键路径是指AOE网中从源点到汇点**最长的路径**，它决定了整个工程的最短完成时间。关键路径上的活动称为关键活动，任何关键活动延期都会直接影响总工期；而非关键活动则有一定的缓冲时间。计算关键路径通常分四步：①对顶点进行拓扑排序；②按拓扑序求每个事件的最早发生时间(ve)；③按逆拓扑序求每个事件的最晚发生时间(vl)；④对每条边（活动）计算最早开始时间和最晚开始时间，若两者相等则为关键活动，其所在路径即为关键路径。,"['2a921859', 'f044afa6', 'b700e16c', 'bb48b311', '5fc40fbf']",2a921859,0,否,是,是,1,2a921859,问22：Prim算法和Kruskal算法的基本思想分别是什么？答：Prim算法从任意顶点开始，每次选择连接已选顶点集与未选顶点集的最小权边，逐步扩展生成树。Kruskal算法每次从所有边中选择权值最小且不构成回路的边，逐步合并连通分量。问23：拓扑排序适用于什么样的图？答：拓扑排序适用于有向无环图。它可以将图中所有顶点排成一个线性序列，使得对于每条有向边(u...,原始CSV自动判定为0，但人工复核发现进入Prompt的父块 2a921859 含有可支撑回答的内容；模型回答与该证据语义一致。,否,0.4872,1.0
1:5,40,顺序查找和二分查找的平均查找长度分别有什么特点？,导师，顺序查找的平均查找长度（ASL）特点为：查找成功时约为(n+1)/2，查找失败时为n，它对表的结构无特殊要求，但效率较低。二分查找的ASL特点为：查找成功时约为log₂(n+1)-1，效率远高于顺序查找，但要求表采用顺序存储且已按关键字有序排列。简单来说，顺序查找普适但慢，二分查找快但条件苛刻。,"['2a921859', '52ee2425', '268d8ea7', '22763916', '07c52459']",2a921859,1,是,是,是,1,52ee2425,答：查找成功时ASL约为(n+1)/2，查找失败时ASL为n。顺序查找对表的结构没有要求，但效率较低。问26：二分查找的平均查找长度（ASL）大约是多少？答：二分查找查找成功时的ASL约为log2(n+1)-1。二分查找的效率远高于顺序查找，但要求表顺序存储且有序。问27：什么是平衡二叉树？答：平衡二叉树是一种二叉排序树，,原始CSV已判定为有效支撑；人工复核保留该判定。,否,0.5,1.0
1:5,41,什么是平衡二叉树？,导师，平衡二叉树（AVL树）是一种特殊的二叉排序树，它要求任意结点的左右子树高度差的绝对值不超过1。平衡因子定义为左子树高度减去右子树高度，取值范围为-1、0或1。通过维持这种平衡，可以保证查找、插入和删除操作的平均时间复杂度为O(log n)。,"['9a64b21e', 'df42e8d4', '339d1dcd', '52ee2425', '0179f9a7']",9a64b21e,1,是,是,是,1,52ee2425,+1)-1。二分查找的效率远高于顺序查找，但要求表顺序存储且有序。问27：什么是平衡二叉树？答：平衡二叉树是一种二叉排序树，其中任意结点的左右子树高度差的绝对值...,原始CSV已判定为有效支撑；人工复核保留该判定。,否,0.5122,1.0
1:5,42,哈希表中常用的处理冲突方法有哪些？,"导师，常用的哈希表冲突处理方法主要有以下几类：

1. **开放地址法**：当冲突发生时，在哈希表中寻找下一个空闲地址。常见探查方式包括线性探测（逐步后移）、平方探测（1²,2²...）、双哈希（使用第二个哈希函数计算步长）等。
2. **链地址法**：每个哈希地址对应一个链表，所有同义词结点链接在同一个链表中。此法最常用，能有效处理大量冲突。
3. **再哈希法**：准备多个哈希函数，当第一个发生冲突时，依次尝试后续哈希函数，直到找到空闲地址。
4. **公共溢出区法**：将所有发生冲突的关键字都存入一个独立的公共溢出区，查找时先查基本表，若匹配失败再到溢出区顺序查找。

其中，**链地址法**和**开放地址法**是实际应用中最普遍的两种。","['22763916', '52ee2425', 'bac0b444', '945b158b', 'a7a6ac4e']",22763916,0,否,是,是,1,52ee2425,答：查找成功时ASL约为(n+1)/2，查找失败时ASL为n。顺序查找对表的结构没有要求，但效率较低。问26：二分查找的平均查找长度（ASL）大约是多少？答：二分查找查找成功时的ASL约为log2(n+1)-1。二分查找的效率远高于顺序查找，但要求表顺序存储且有序。问27：什么是平衡二叉树？答：平衡二叉树是一种二叉排序树，其中任意结点的左右子树高度差的绝对值...,原始CSV自动判定为0，但人工复核发现进入Prompt的父块 52ee2425 含有可支撑回答的内容；模型回答与该证据语义一致。,否,0.5,1.0
1:5,43,什么是排序算法的稳定性？哪些排序算法是稳定的？,"导师，排序算法的稳定性是指：如果待排序序列中存在两个关键字相等的元素，排序后它们的相对次序保持不变，则该算法是稳定的；否则不稳定。

常见的稳定排序算法有：**冒泡排序、直接插入排序、归并排序、基数排序**。而不稳定的常见算法包括：简单选择排序、快速排序、堆排序、希尔排序。您之前提到的归并排序和基数排序都是稳定的，而堆排序和简单选择排序不稳定。","['b0cf2611', 'fbf3d576', '52ee2425', '679e9079', '110445fa']",b0cf2611,1,是,是,是,1,b0cf2611,它的时间复杂度是多少？答：堆排序利用堆这种数据结构实现，堆是一棵完全二叉树，分为大顶堆和小顶堆。堆排序的时间复杂度始终为O(n log n)，且空间复杂度为O(1)。问34：归并排序的核心思想是什么？它的空间复杂度是多少？答：归并排序采用分治策略，将序列递归地分成两半，分别排序后再将两个有序子序列合并。归并排序是稳定的，时间复杂度O(n log n)，空间复...,原始CSV已判定为有效支撑；人工复核保留该判定。,否,0.5116,1.0
1:5,44,快速排序最坏时间复杂度是多少？什么时候出现？,导师，快速排序最坏时间复杂度为O(n^2)。当每次划分选取的基准都是当前区间的最小或最大元素时（如序列已有序或逆序），就会达到最坏情况。,"['fbf3d576', '110445fa', '656785d2', 'e49ed934', 'd15852c3']",fbf3d576,0,否,是,是,1,656785d2,大顶堆是指每个结点的值都大于或等于其左右孩子结点的值的完全二叉树。堆排序中建堆的时间复杂度是O(n)。虽然每个结点的调整可能需要O(log n)，但所有结点的总调整次数是线性级别，详细证明可用数学归纳法或势能分析。问36：快速排序的空间复杂度是多少？为什么？答：快速排序的空间复杂度平均为O(log n)，最坏为O(n)。答：快速排序的空间复杂度平均为O(...,原始CSV自动判定为0，但人工复核发现进入Prompt的父块 656785d2 含有可支撑回答的内容；模型回答与该证据语义一致。,否,0.5,1.0
1:5,45,堆排序和归并排序分别有什么核心特征？,导师，堆排序的核心特征是借助完全二叉树（大/小顶堆）进行选择排序，时间复杂度始终为O(n log n)，空间复杂度O(1)，但不稳定。归并排序的核心特征是采用分治策略，将序列递归地分成两半分别排序再合并，稳定且时间复杂度恒为O(n log n)，但需要O(n)的额外空间。,"['679e9079', '22763916', '110445fa', 'b0cf2611', 'fbf3d576']",679e9079,1,是,是,是,1,b0cf2611,它的时间复杂度是多少？答：堆排序利用堆这种数据结构实现，堆是一棵完全二叉树，分为大顶堆和小顶堆。堆排序的时间复杂度始终为O(n log n)，且空间复杂度为O(1)。问34：归并排序的核心思想是什么？它的空间复杂度是多少？答：归并排序采用分治策略，将序列递归地分成两半，分别排序后再将两个有序子序列合并。归并排序是稳定的，时间复杂度O(n log,原始CSV已判定为有效支撑；人工复核保留该判定。,否,0.5111,1.0
1:5,46,已知二叉树后序序列为C B E D A，中序序列为C B A E D，请画出二叉树结构。,"导师，根据后序序列“C B E D A”，最后一个元素A是根结点。在中序序列“C B A E D”中，A左侧的“C B”构成左子树，右侧的“E D”构成右子树。

对于左子树，后序为“C B”，中序为“C B”，可知B为左子树的根；在中序中B左侧是C、右侧为空，因此C是B的左孩子。

对于右子树，后序为“E D”，中序为“E D”，可知D为右子树的根；在中序中D左侧是E、右侧为空，因此E是D的左孩子。

所以二叉树结构为：
- 根结点A，左孩子B，右孩子D。
- B的左孩子C，B的右孩子为空。
- D的左孩子E，D的右孩子为空。

可用文字描述为：
```
    A
   / \
  B   D
 /   /
C   E
```","['bbe250dc', '1ecad386', '3f210429', 'b0cf2611', '0179f9a7']",bbe250dc,1,是,是,是,1,bbe250dc,问36：已知一棵二叉树的后序序列为C B E D A，中序序列为C B A E D，请画出该二叉树。答：后序最后一个元素A为根。在中序中，A左侧C B为左子树，右侧E D为右子树。左子树后序C B、中序C B，可知B为左子树根，C为B的左孩子。右子树后序E D、中序E D，可知D为右子树根，E为D的左孩子。二叉树结构为：A的左孩子B、,原始CSV已判定为有效支撑；人工复核保留该判定。,否,0.5217,1.0
1:5,47,有向图邻接矩阵第一行为0 1 0 1，第二行0 0 1 0，第三行1 0 0 1，第四行0 1 0 0，顶点1的出度和入度是多少？,导师，根据邻接矩阵，顶点1的出度为第1行中1的个数，即第1行有两个1（分别指向顶点2和顶点4），所以出度为2。顶点1的入度为第1列中1的个数，即第1列中只有第3行为1（来自顶点3），所以入度为1。,"['7c3cefd2', 'bbe250dc', '64995d10', 'e75bb322', '3f210429']",7c3cefd2,1,是,是,是,1,7c3cefd2,后序遍历为：C B E F D A。问38：设有向图的邻接矩阵如下，求顶点1的出度和入度。邻接矩阵：第一行0 1 0 1，第二行0 0 1 0，第三行1 0 0 1，第四行0 1 0 0。答：顶点1的出度为第1行中1的个数，即2（到顶点2和顶点4）。顶点1的入度为第1列中1的个数，即1（来自顶点3）。邻接矩阵中行表示出边，列表示入边。邻接矩阵中行表示出边，列...,原始CSV已判定为有效支撑；人工复核保留该判定。,否,0.5319,1.0
1:5,48,"无向图边集为{(A,B),(A,C),(B,C),(B,D),(C,E),(D,E),(D,F)}，邻接表按字母顺序，从A出发DFS序列是什么？","导师，根据给定的无向图边集和邻接表按字母顺序，从A出发进行深度优先搜索（DFS）的访问序列为：**A B C E D F**。

解析步骤：从A开始，邻接点按字母顺序先访问B；从B出发，未访问的邻接点按字母顺序先访问C；从C出发，访问E；从E出发，访问D；从D出发，访问F；之后回溯，所有顶点均已访问完毕。","['7c3cefd2', '7366f611', '3f210429', '52fea983', '1ecad386']",7c3cefd2,0,否,是,是,1,7c3cefd2,后序遍历为：C B E F D A。问38：设有向图的邻接矩阵如下，求顶点1的出度和入度。邻接矩阵：第一行0 1 0 1，第二行0 0 1 0，第三行1 0 0 1，第四行0 1 0 0。答：顶点1的出度为第1行中1的个数，即2（到顶点2和顶点4）。顶点1的入度为第1列中1的个数，即1（来自顶点3）。邻接矩阵中行表示出边，列表示入边。邻接矩阵中行表示出边，列...,原始CSV自动判定为0，但人工复核发现进入Prompt的父块 7c3cefd2 含有可支撑回答的内容；模型回答与该证据语义一致。,否,0.5208,1.0
1:5,49,"对序列{15,9,7,8,20,-1,7,4}进行一趟希尔排序，增量d=4，结果是什么？","导师，对序列 {15, 9, 7, 8, 20, -1, 7, 4} 进行一趟希尔排序，增量 d=4，结果是：

**15, -1, 7, 4, 20, 9, 7, 8**

解析步骤如下：
- 按增量 d=4 将序列分成 4 个子序列：
  - 子序列1（索引0,4）：15, 20 → 不变
  - 子序列2（索引1,5）：9, -1 → 排序为 -1, 9
  - 子序列3（索引2,6）：7, 7 → 不变
  - 子序列4（索引3,7）：8, 4 → 排序为 4, 8
- 将各组结果放回原位置，即得到上述序列。","['7366f611', 'e49ed934', '1fbc2070', 'be127544', '921d2ef6']",7366f611,1,是,是,是,1,7366f611,"（已访问）、F，访问F。最终DFS序列：A B C E D F。问40：对序列{15, 9, 7, 8, 20, -1, 7, 4}进行一趟希尔排序，增量d=...",原始CSV已判定为有效支撑；人工复核保留该判定。,否,0.5306,1.0
1:5,50,设计算法对无序数组建大顶堆，核心思路和时间复杂度是什么？,导师，建大顶堆的核心思路是：从最后一个非叶子结点（下标为n/2-1）开始，自底向上逐步调用向下调整函数，确保每个子树都满足堆的性质。时间复杂度为O(n)，因为所有结点的总调整次数是线性级别，而非直观的O(n log n)。,"['921d2ef6', 'd15852c3', 'be127544', '5472b40f', '656785d2']",921d2ef6,1,是,是,是,1,921d2ef6,key)最坏情况是关键字有序时，二叉排序树退化为单链表，每次插入需要O(n)，总时间复杂度O(n^2)。最好和平均情况为O(n log n)。问50：设计算法，对一个无序数组建大顶堆，写出建堆的伪代码并分析时间复杂度。答：核心思想：从最后一个非叶子结点开始（下标为n/2-1），逐个向前调用调整函数。答：核心思想：从最后一...,原始CSV已判定为有效支撑；人工复核保留该判定。,否,0.54,1.0
